tree
version=v4
num_class=37
num_tree_per_iteration=37
label_index=0
max_feature_idx=34
objective=multiclass num_class:37
feature_names=last_num last_color last_dozen last_zone last_sector hot50 wheel_pos wheel_dist same_num same_color same_dozen c5_num c10_num c25_num c50_num c5_col c10_col c25_col c50_col c5_doz c10_doz c25_doz c50_doz c5_zone c10_zone c25_zone c50_zone nn5 nn10 num_streak col_streak gap_last ent10 markov_pred markov_conf
feature_infos=-1:4:13:24:5:34:10:14:1:16:33:8:28:27:11:22:25:23:35:12:3:19:21:7:17:30:9:2:6:20:31:32:36:15:26:0:29:18 -1:1:0:2 -1:1:2:3:0 -1:6:7:1:3:4:5:8:11:2:10:9:0:12 -1:1:0:2 -1:8:28:1:11:25:27:5:14:21:17:31:12:4:34:33:3:22:2:36:23:30:24:15:13:16:10:9:7:6:29:35:19:0:26:20:32 [0:36] [0:18] [0:1] [0:1] [0:1] [1:4] [1:4] [1:6] [1:9] [1:5] [1:10] [1:21] [1:37] [1:5] [1:9] [1:18] [1:29] [1:4] [1:6] [1:10] [1:13] [1:5] [1:8] [1:3] [1:12] [1:200] [0:3.3219280242919922] -1:14:13:1:35:27:34:0:16:9:19:2:25:21:33:6:28:22:11:20:31:4:26:8:12 [0.035443037748336792:0.060096152126789093]
tree_sizes=3318 3323 3306 3331 3323 3309 3319 3298 3302 3308 3305 3315 3298 3320 3287 3265 3320 3319 3332 3328 3329 3313 3326 3332 3314 3290 3321 3329 3319 3320 3307 3315 3328 3324 3330 3290 3301

Tree=0
num_leaves=31
num_cat=3
split_feature=0 18 28 13 17 20 7 7 24 21 23 7 7 7 21 0 13 13 21 17 18 25 10 9 15 21 4 27 18 22
split_gain=23.9796 7.03814 14.4925 22.1808 35.7557 7.31312 11.3576 6.5642 11.573 12.9132 10.2487 15.9731 6.58965 6.18235 6.1692 10.6846 6.13957 6.08837 5.95875 6.72036 16.8362 7.41812 13.0278 7.0033 5.14087 6.68972 5.84811 14.359 6.46555 7.64517
threshold=0 23.500000000000004 1.5000000000000002 1.5000000000000002 10.500000000000002 3.5000000000000004 17.500000000000004 3.5000000000000004 1.5000000000000002 10.500000000000002 1.5000000000000002 1.5000000000000002 14.500000000000002 12.500000000000002 9.5000000000000018 1 3.5000000000000004 1.5000000000000002 10.500000000000002 10.500000000000002 21.500000000000004 2.5000000000000004 1.0000000180025095e-35 1.0000000180025095e-35 2.5000000000000004 7.5000000000000009 2 1.5000000000000002 24.500000000000004 20.500000000000004
decision_type=1 2 2 2 2 2 2 2 2 2 2 2 2 2 2 1 2 2 2 2 2 2 2 2 2 2 1 2 2 2
left_child=1 2 3 13 -5 6 -3 10 9 12 -4 17 -9 -1 -2 -16 24 -12 19 -17 -21 22 23 -22 25 -7 27 -26 -28 -30
right_child=14 5 7 4 -6 16 -8 8 -10 -11 11 -13 -14 -15 15 18 -18 -19 -20 20 21 -23 -24 -25 26 -27 28 -29 29 -31
leaf_value=-3.6066241059749635 -3.7024600469625866 -3.7070846477103667 -3.7102603411682309 -3.2921680832347811 -3.6402843938569003 -3.5987487843834436 -3.5348154918268322 -3.7023249244628222 -3.7069248877586989 -3.4937403819084287 -3.5528636461849188 -3.4336777211786877 -3.5643837447113569 -3.6991159315004469 -3.7029764719140448 -3.7041496459512318 -3.5591963319245981 -3.7037138915659402 -3.6804822524447611 -3.4497313355672818 -3.4445747200363996 -3.6735870867072364 -3.7023249244628222 -3.6092641285539391 -3.7049838043459333 -3.714377384230215 -3.7333451897657834 -3.515180686536167 -3.6674128177565377 -3.5779741218135608
leaf_weight=4.7348080426454526 121.4176041148603 19.039972767233852 2.165922828018668 1.359998054802418 1.6118495464324949 1.4859238006174544 1.0074059665203083 3.2236990928649929 13.247388459742067 1.4607386514544485 1.1081465631723406 1.3348129056394098 1.1837020106613634 2.9214773029088974 31.128844365477562 3.4251802861690548 1.4355535022914399 1.6874049939215181 25.537741251289845 1.234072308987378 1.3851832039654237 7.5303595997393131 1.6118495464324949 1.2088871598243713 1.7629604414105413 7.9081368371844292 2.8459218554198804 2.291848573833704 13.650350846350195 2.8962921537458888
leaf_count=188 4821 756 86 54 64 59 40 128 526 58 44 53 47 116 1236 136 57 67 1014 49 55 299 64 48 70 314 113 91 542 115
internal_value=-3.68525 -3.6651 -3.64594 -3.59691 -3.48098 -3.67444 -3.69843 -3.66645 -3.68103 -3.62258 -3.62217 -3.57597 -3.66528 -3.64192 -3.69496 -3.68407 -3.66041 -3.64392 -3.66886 -3.64186 -3.62541 -3.64388 -3.59069 -3.52132 -3.66483 -3.69609 -3.65231 -3.5977 -3.66373 -3.65176
internal_weight=284.844 90.3643 36.0399 10.6281 2.97185 54.3244 20.0474 25.4118 19.1155 5.86814 6.29629 4.13036 4.4074 7.65629 194.48 73.0621 34.277 2.79555 41.9333 16.3955 12.9704 11.7363 4.20592 2.59407 32.8414 9.39406 23.4474 4.05481 19.3926 16.5466
internal_count=11310 3588 1431 422 118 2157 796 1009 759 233 250 164 175 304 7722 2901 1361 111 1665 651 515 466 167 103 1304 373 931 161 770 657
cat_boundaries=0 2 4 5
cat_threshold=339774345 9 2863005732 16 2
is_linear=0
shrinkage=1


Tree=1
num_leaves=31
num_cat=6
split_feature=5 0 16 0 13 7 22 21 5 17 18 7 20 18 22 21 19 23 5 18 21 22 0 18 18 16 24 10 32 30
split_gain=19.5253 20.8219 16.2272 9.80463 11.0636 8.74421 8.44641 8.53055 11.9698 8.38222 8.88422 10.8596 8.17703 7.42968 12.4617 13.2913 10.9018 7.89405 6.37387 9.95751 7.91636 18.7518 7.16011 7.51639 9.97294 7.2996 7.12847 6.15717 6.05358 7.99372
threshold=0 1 2.5000000000000004 2 3.5000000000000004 8.5000000000000018 23.500000000000004 6.5000000000000009 3 11.500000000000002 23.500000000000004 11.500000000000002 1.5000000000000002 22.500000000000004 15.500000000000002 9.5000000000000018 2.5000000000000004 1.5000000000000002 4 20.500000000000004 10.500000000000002 16.500000000000004 5 25.500000000000004 29.500000000000004 4.5000000000000009 3.5000000000000004 1.0000000180025095e-35 2.7841837406158452 4.5000000000000009
decision_type=9 1 2 1 2 2 2 2 9 2 2 2 2 2 2 2 2 2 9 2 2 2 1 2 2 2 2 2 2 2
left_child=3 2 5 4 -1 -2 7 9 -9 10 11 -4 -11 14 -10 16 -16 -17 19 20 21 -3 23 -21 25 -25 -20 -27 -15 -30
right_child=1 18 6 -5 -6 -7 -8 8 13 12 -12 -13 -14 28 15 17 -18 -19 26 22 -22 -23 -24 24 -26 27 -28 -29 29 -31
leaf_value=-3.5574799209935928 -3.3013234732940377 -3.5282995034680384 -3.56464535927668 -3.585308149000209 -3.4046247825155089 -3.4919024563131877 -3.4307132176180759 -3.5660653496238859 -3.5746878969006914 -3.4240038712699277 -3.3617956505981912 -3.3846043054808019 -3.5455966276179343 -3.6091818304788181 -3.3228019633301851 -3.5589192415506909 -3.4992324171985394 -3.4092738063328567 -3.5785656250875082 -3.5609848273970521 -3.6091818304788181 -3.342637798284203 -3.5734450217990044 -3.3768359005280404 -3.6091818304788181 -3.4625826127717798 -3.4817042498640021 -3.5652020651667069 -3.5334789557612494 -3.4172701272986954
leaf_weight=37.716208890080452 1.1368864774703973 4.9454561769962293 2.2453507930040391 65.427816778421402 1.2221529632806767 1.2789972871541975 1.9611291736364354 35.243480801582336 2.8990605175495139 1.620063230395316 1.8190183639526365 1.3358416110277174 9.4361577630043012 2.4443059265613583 2.4443059265613543 2.9843270033597946 1.3642637729644773 1.2505751252174375 60.425516277551651 10.374089106917383 1.3642637729644773 1.8758626878261564 27.79687437415123 1.5063745826482753 1.7053297162055967 4.0927913188934326 1.9611291736364354 2.2737729549407959 27.740030050277714 1.5632189065217961
leaf_count=1327 40 174 79 2302 43 45 69 1240 102 57 64 47 332 86 86 105 48 44 2126 365 48 66 978 53 60 144 69 80 976 55
internal_value=-3.55723 -3.54885 -3.53287 -3.5742 -3.554 -3.40222 -3.53342 -3.53555 -3.54246 -3.50284 -3.45178 -3.49749 -3.52778 -3.52851 -3.48581 -3.45378 -3.386 -3.51473 -3.5632 -3.55154 -3.49923 -3.47724 -3.55892 -3.54072 -3.49956 -3.47581 -3.57325 -3.49923 -3.53359 -3.52728
internal_weight=321.455 217.088 98.767 104.366 38.9384 2.41588 96.3511 94.39 77.9336 16.4564 5.40021 3.58119 11.0562 42.6901 10.9425 8.04347 3.80857 4.2349 118.321 55.9348 8.18558 6.82132 47.7492 19.9524 9.57827 7.87294 62.3866 6.36656 31.7476 29.3032
internal_count=11310 7638 3475 3672 1370 85 3390 3321 2742 579 190 126 389 1502 385 283 134 149 4163 1968 288 240 1680 702 337 277 2195 224 1117 1031
cat_boundaries=0 2 4 6 8 10 12
cat_threshold=3794355776 20 937658964 1 1258669088 25 339775751 8 72526086 8 2148271242 2
is_linear=0
shrinkage=1


Tree=2
num_leaves=31
num_cat=5
split_feature=5 18 26 33 16 20 27 21 31 7 6 17 5 32 18 31 5 31 30 32 23 31 31 9 21 7 7 33 17 18
split_gain=21.1871 22.7782 18.2191 15.3829 13.8582 16.9438 14.8593 11.7883 12.7894 10.9814 11.0806 22.368 8.49376 9.03586 12.0936 8.37545 8.20798 9.10852 11.9681 7.58765 7.0965 6.29151 17.0547 9.33154 5.78341 8.6831 13.8097 5.70032 6.10202 5.60801
threshold=0 19.500000000000004 4.5000000000000009 1 5.5000000000000009 5.5000000000000009 2.5000000000000004 11.500000000000002 21.500000000000004 9.5000000000000018 10.500000000000002 13.500000000000002 2 2.8841837644577031 28.500000000000004 4.5000000000000009 3 7.5000000000000009 2.5000000000000004 3.2219280004501347 2.5000000000000004 29.500000000000004 44.500000000000007 1.0000000180025095e-35 11.500000000000002 3.5000000000000004 1.5000000000000002 4 9.5000000000000018 17.500000000000004
decision_type=9 2 2 1 2 2 2 2 2 2 2 2 9 2 2 2 9 2 2 2 2 2 2 2 2 2 2 1 2 2
left_child=1 2 -1 4 12 9 7 8 -7 16 11 -11 13 -2 24 -12 17 -6 19 -19 27 -17 -23 -24 25 26 -15 -3 -29 -5
right_child=3 20 -4 29 5 6 -8 -9 -10 10 15 -13 -14 14 -16 21 -18 18 -20 -21 -22 22 23 -25 -26 -27 -28 28 -30 -31
leaf_value=-3.5948446937583878 -3.5047350273933762 -3.6416999464188966 -3.360598853215039 -3.581246749273332 -3.6866308190325165 -3.5076767383093728 -3.6866308190325165 -3.5750476863463212 -3.2801494071042328 -3.6444771911288427 -3.475862679514147 -3.3451864330127581 -3.6541699108952894 -3.6866308190325165 -3.460807812405692 -3.6519840015774423 -3.6589341365432726 -3.5285547143937395 -3.420397379640892 -3.6866308190325165 -3.511531133894179 -3.4418678183015068 -3.5180163074178212 -3.6866308190325165 -3.5317807573455511 -3.6623736162746479 -3.4392073509022567 -3.6866308190325165 -3.5875537393024453 -3.6520500337949984
leaf_weight=1.6342339366674417 1.9241786673665071 18.925483331084251 1.686951160430908 2.8467300832271567 1.2915719822049165 1.3970064297318452 1.0543444752693174 1.7923856079578397 1.1070616990327833 1.1861375346779817 1.1861375346779812 1.3179305940866468 31.577617034316063 1.054344475269317 1.1070616990327824 5.7725360020995122 11.650506451725958 1.8978200554847717 1.5024408772587774 1.2652133703231812 1.71330977231264 1.6342339366674421 1.1861375346779826 2.662219800055027 1.291571982204913 10.306217245757578 1.212496146559715 1.6605925485491777 24.223564319312572 159.04786409437656
leaf_count=62 73 718 64 108 49 53 40 68 42 45 45 50 1198 40 42 219 442 72 57 48 65 62 45 101 49 391 46 63 919 6034
internal_value=-3.63481 -3.6081 -3.47586 -3.64114 -3.6249 -3.60089 -3.51843 -3.47716 -3.40709 -3.61444 -3.58292 -3.48696 -3.64125 -3.61786 -3.61984 -3.60223 -3.6412 -3.61145 -3.53659 -3.59179 -3.6114 -3.61555 -3.57719 -3.63466 -3.63254 -3.64289 -3.55429 -3.61522 -3.60583 -3.64998
internal_weight=298.116 49.8441 3.32119 248.272 86.3772 37.9037 5.3508 4.29645 2.50407 32.5529 14.9453 2.50407 48.4735 16.8959 14.9717 12.4413 17.6076 5.95705 4.66547 3.16303 46.5229 11.2551 5.48259 3.84836 13.8646 12.5731 2.26684 44.8096 25.8842 161.895
internal_count=11310 1891 126 9419 3277 1438 203 163 95 1235 567 95 1839 641 568 472 668 226 177 120 1765 427 208 146 526 477 86 1700 982 6142
cat_boundaries=0 2 4 6 8 10
cat_threshold=557843488 12 2151744340 10 69894237 19 67997 16 2417063936 2
is_linear=0
shrinkage=1


Tree=3
num_leaves=31
num_cat=5
split_feature=0 5 7 14 5 0 12 34 16 17 25 26 17 34 7 28 26 28 34 16 17 7 15 10 17 12 5 27 9 7
split_gain=18.6657 19.0337 13.6238 12.0496 9.25226 10.4274 9.27261 8.81996 8.47431 11.8507 22.0902 10.283 8.21632 23.7191 7.10342 6.56458 11.9492 5.82052 7.47407 15.8077 6.30218 5.70265 11.8209 10.8395 10.0623 10.7048 8.13576 7.58651 5.544 13.1597
threshold=0 1 15.500000000000002 4.5000000000000009 2 3 2.5000000000000004 0.046028736978769309 6.5000000000000009 12.500000000000002 2.5000000000000004 4.5000000000000009 12.500000000000002 0.044749138876795776 15.500000000000002 1.5000000000000002 3.5000000000000004 3.5000000000000004 0.042353175580501563 6.5000000000000009 14.500000000000002 13.500000000000002 3.5000000000000004 1.0000000180025095e-35 10.500000000000002 1.5000000000000002 4 1.5000000000000002 1.0000000180025095e-35 5.5000000000000009
decision_type=1 9 2 2 9 1 2 2 2 2 2 2 2 2 2 2 2 2 2 2 2 2 2 2 2 2 9 2 2 2
left_child=1 2 3 12 -2 6 21 14 9 11 -11 -4 13 -1 -3 16 -15 18 19 -14 -19 26 24 -24 -23 -26 27 -6 -17 -30
right_child=4 7 8 -5 5 -7 -8 -9 -10 10 -12 -13 17 15 -16 28 -18 20 -20 -21 -22 22 23 -25 25 -27 -28 -29 29 -31
leaf_value=-3.6249146933311027 -3.6405952434093058 -3.6023785004183373 -3.6443478027531406 -3.4740608727057096 -3.6168304307014751 -3.6332785810814063 -3.4631391274181147 -3.6592643705398653 -3.6201761137154258 -3.2646482782783464 -3.5372509704410806 -3.4899150190909283 -3.6407703927755586 -3.4534873525127985 -3.6706522878824184 -3.5353176180143944 -3.6496678109815339 -3.4869521130451662 -3.6437585822862446 -3.4602164068481951 -3.6332999189988437 -3.5150174175341906 -3.4345166225264867 -3.6251006185122057 -3.6706522878824184 -3.5046417595109758 -3.637325576078144 -3.5521629001852784 -3.585760540419749 -3.3757651651173557
leaf_weight=13.118310980498793 96.459743801504374 22.702709615230564 1.9008164890110473 2.0346768051385871 9.2899059392511862 52.874824870377779 1.204742845147847 17.562473475933075 1.9811326786875723 1.2315149083733561 1.8740444257855413 2.4898018799722195 3.3465079031884732 1.151198718696832 4.578022811561822 5.5418170876800996 2.3827136270701885 1.6330958567559712 16.732539515942335 1.900816489011049 1.3386031612753866 2.2488533109426481 2.3291695006191722 1.0976545922458174 5.0063758231699467 1.2047428451478479 15.501024607568977 8.8615529276430589 1.1779707819223406 2.034676805138588
leaf_count=490 3603 848 71 76 347 1975 45 656 74 46 70 93 125 43 171 207 89 61 625 71 50 84 87 41 187 45 579 331 44 76
internal_value=-3.62111 -3.60511 -3.58856 -3.59335 -3.63013 -3.61911 -3.60369 -3.62963 -3.52821 -3.5039 -3.42915 -3.55677 -3.59817 -3.57816 -3.61384 -3.52824 -3.58576 -3.61855 -3.62743 -3.57537 -3.55287 -3.60368 -3.57391 -3.49556 -3.60564 -3.63845 -3.61419 -3.59784 -3.50502 -3.45276
internal_weight=302.792 106.713 61.8702 52.3929 196.079 99.6188 46.744 44.8432 9.47731 7.49618 3.10556 4.39062 50.3583 25.4067 27.2807 12.2884 3.53391 24.9516 21.9799 5.24732 2.9717 45.5393 11.8868 3.42682 8.45997 6.21112 33.6525 18.1515 8.75446 3.21265
internal_count=11310 3986 2311 1957 7324 3721 1746 1675 354 280 116 164 1881 949 1019 459 132 932 821 196 111 1701 444 128 316 232 1257 678 327 120
cat_boundaries=0 1 3 5 7 9
cat_threshold=1401426599 3148990753 6 2857409945 24 2155053128 6 86007846 2
is_linear=0
shrinkage=1


Tree=4
num_leaves=31
num_cat=3
split_feature=0 5 5 26 34 30 26 7 6 31 31 15 21 22 31 30 31 18 18 22 19 7 28 18 16 7 34 26 7 6
split_gain=20.8391 23.8004 11.6901 9.89203 9.89083 24.5374 12.3439 13.6899 10.0343 9.39975 30.1569 14.5903 18.9205 9.2641 8.30619 11.7326 11.0354 8.71418 9.06339 7.2968 10.1778 6.46982 8.33468 6.26694 10.9542 15.3085 7.94505 8.76464 7.43323 5.98267
threshold=0 1 2 5.5000000000000009 0.047449652105569846 2.5000000000000004 6.5000000000000009 5.5000000000000009 33.500000000000007 43.500000000000007 24.500000000000004 3.5000000000000004 8.5000000000000018 17.500000000000004 18.500000000000004 1.5000000000000002 23.500000000000004 27.500000000000004 21.500000000000004 14.500000000000002 2.5000000000000004 13.500000000000002 3.5000000000000004 24.500000000000004 5.5000000000000009 10.500000000000002 0.04499443247914315 4.5000000000000009 1.5000000000000002 21.500000000000004
decision_type=1 9 9 2 2 2 2 2 2 2 2 2 2 2 2 2 2 2 2 2 2 2 2 2 2 2 2 2 2 2
left_child=1 -1 21 14 5 8 7 -6 9 10 11 12 -5 -14 -3 16 -16 18 -17 -9 -21 22 23 28 25 26 -25 -28 -2 -19
right_child=2 3 -4 4 6 -7 -8 19 -10 -11 -12 -13 13 -15 15 17 -18 29 -20 20 -22 -23 -24 24 -26 -27 27 -29 -30 -31
leaf_value=-3.5327342802596506 -3.4113725540603741 -3.5357567045600868 -3.5436558830038503 -3.1844403392685012 -3.5492161137150977 -3.5593876601274785 -3.5340648747172265 -3.2844616648678255 -3.5354248390499605 -3.2584001044719884 -3.5749998011325279 -3.5010118285433802 -3.2790479107759367 -3.4440980034748048 -3.4118208478879692 -3.3926722972521279 -3.5328618891246135 -3.3353204533085279 -3.4997023069046342 -3.5131189513306955 -3.3197412956999681 -3.5430125197500018 -3.5651060606118863 -3.5358797236715991 -3.5107838249230792 -3.3048849805689722 -3.5069308663505119 -3.3402793363669554 -3.5266382133655538 -3.4686420905356279
leaf_weight=68.107427917420864 1.5278629213571573 14.015204105526207 132.01323280110955 1.7923007346689681 1.9392106309533108 3.2026357389986506 8.5501559637486917 1.2046611495316031 1.2634251080453403 1.2634251080453403 1.9979745894670484 1.3515710458159444 1.3515710458159449 2.2917943820357323 2.1448844857513931 2.4680862575769416 15.425539109855888 2.0861205272376533 9.9604909680783731 1.6160088591277602 1.1752791702747343 15.631212964653967 5.0537004321813574 2.5562321953475502 9.3434694036841375 1.8510646931827066 1.4690989628434183 1.7041547968983648 16.542054321616888 1.4103350043296812
leaf_count=2318 52 477 4493 61 66 109 291 41 43 43 68 46 46 78 73 84 525 71 339 55 40 532 172 87 318 63 50 58 563 48
internal_value=-3.52505 -3.51129 -3.53579 -3.49349 -3.46638 -3.43721 -3.49561 -3.44021 -3.40262 -3.38592 -3.40426 -3.354 -3.31744 -3.38287 -3.50344 -3.48991 -3.51809 -3.45883 -3.47845 -3.38731 -3.4317 -3.51712 -3.50508 -3.49641 -3.47455 -3.42989 -3.47028 -3.41743 -3.51689 -3.3891
internal_weight=332.31 144.618 187.692 76.5107 29 14.5147 14.4853 5.93516 11.3121 10.0486 8.78521 6.78724 5.43567 3.64337 47.5107 33.4955 17.5704 15.925 12.4286 3.99595 2.79129 55.6789 40.0476 34.9939 16.924 7.58055 5.72949 3.17325 18.0699 3.49646
internal_count=11310 4922 6388 2604 987 494 493 202 385 342 299 231 185 124 1617 1140 598 542 423 136 95 1895 1363 1191 576 258 195 108 615 119
cat_boundaries=0 2 4 6
cat_threshold=1249861644 10 3781349762 26 134321932 16
is_linear=0
shrinkage=1


Tree=5
num_leaves=31
num_cat=6
split_feature=5 0 0 30 34 34 24 5 21 15 31 4 10 31 4 21 31 22 21 10 31 22 22 31 31 6 15 20 22 21
split_gain=30.6736 32.3747 13.7105 12.5814 24.7436 17.8803 10.272 8.74823 10.4437 9.96079 12.7362 12.5267 21.692 11.0208 7.03644 9.37112 16.2967 16.7579 7.81983 10.9989 11.5674 6.79851 7.33605 6.48322 6.34099 5.96189 5.76302 5.74016 5.60164 6.58063
threshold=0 1 2 2.5000000000000004 0.051103988662362106 0.042353175580501563 3.5000000000000004 3 8.5000000000000018 2.5000000000000004 38.500000000000007 4 1.0000000180025095e-35 72.500000000000014 5 6.5000000000000009 54.500000000000007 17.500000000000004 9.5000000000000018 1.0000000180025095e-35 25.500000000000004 20.500000000000004 3.5000000000000004 12.500000000000002 59.500000000000007 35.500000000000007 2.5000000000000004 5.5000000000000009 16.500000000000004 10.500000000000002
decision_type=9 1 1 2 2 2 2 9 2 2 2 1 2 2 1 2 2 2 2 2 2 2 2 2 2 2 2 2 2 2
left_child=1 -1 7 6 5 -5 14 8 25 13 11 12 23 -10 15 -3 18 -18 19 20 26 22 -16 -11 -7 -2 -17 28 -13 -30
right_child=2 3 -4 4 -6 24 -8 -9 9 10 -12 27 -14 -15 21 16 17 -19 -20 -21 -22 -23 -24 -25 -26 -27 -28 -29 29 -31
leaf_value=-3.5606637262774248 -3.5592409573304127 -3.5667277617028676 -3.5689558307931017 -3.3778080877256436 -3.2346139902994158 -3.5433905517097983 -3.3814995422756002 -3.5573552447934866 -3.570158796382251 -3.3966945993765849 -3.5485468205022821 -3.5992953607230462 -3.2376721149989853 -3.4177988453501746 -3.4317601157634732 -3.5182550561844619 -3.2726016330518775 -3.514301870597214 -3.5424790602584952 -3.35804460798126 -3.5992953607230462 -3.4384615255618556 -3.5470793285400624 -3.5587752084537541 -3.4250587059650894 -3.4510088460354233 -3.3734330304812503 -3.4228531786896723 -3.4451036308487484 -3.555736197033557
leaf_weight=36.616864420473576 22.469439530745152 3.070536436513069 118.57436033338308 3.3861990608274919 1.2339538950473059 5.3662646133452654 1.6070097237825383 63.936029724776745 8.5802840609103459 1.2339538950473072 5.9115000553429118 1.5209199171513335 1.5209199171513321 1.3774369060993183 1.4922233149409354 1.2339538950473055 1.8365825414657586 1.1765606906265018 5.2801748067140579 1.8652791436761615 1.8365825414657591 1.8652791436761607 18.193645801395178 1.2339538950473068 1.4348301105201242 1.3487403038889159 1.5496165193617342 2.2670315746217966 3.2427160497754812 2.2957281768321991
leaf_count=1276 783 107 4132 118 43 187 56 2228 299 43 206 53 53 48 52 43 64 41 184 65 64 65 634 43 50 47 54 79 113 80
internal_value=-3.54799 -3.52457 -3.55754 -3.50157 -3.44607 -3.47169 -3.50541 -3.54533 -3.53182 -3.50849 -3.48747 -3.46036 -3.3862 -3.54908 -3.51046 -3.48725 -3.47073 -3.36698 -3.4973 -3.46052 -3.5019 -3.52969 -3.53834 -3.47773 -3.51843 -3.55311 -3.43763 -3.49207 -3.5143 -3.49096
internal_weight=324.559 89.0456 235.513 52.4287 11.4212 10.1873 41.0074 116.939 53.0026 29.1844 19.2267 13.3152 3.98883 9.95772 39.4004 17.8493 14.7788 3.01314 11.7656 6.48543 4.62015 21.5511 19.6859 2.46791 6.80109 23.8182 2.78357 9.3264 7.05936 5.53844
internal_count=11310 3103 8207 1827 398 355 1429 4075 1847 1017 670 464 139 347 1373 622 515 105 410 226 161 751 686 86 237 830 97 325 246 193
cat_boundaries=0 2 4 6 8 9 10
cat_threshold=2684918977 3 774984396 20 2266977200 12 1347502348 20 4 2
is_linear=0
shrinkage=1


Tree=6
num_leaves=31
num_cat=5
split_feature=5 0 31 24 0 15 22 15 17 34 28 6 18 16 21 21 32 24 34 31 34 16 31 31 5 18 17 34 1 16
split_gain=27.9017 21.5191 15.8109 22.5329 15.4427 12.5153 12.4251 9.00294 7.30524 10.2807 7.15335 9.18442 10.2317 11.2848 17.8247 10.8222 12.3219 8.93134 7.98763 6.79793 6.46391 6.41949 6.26943 7.61658 6.0706 7.64826 7.69711 21.5836 13.2752 7.70343
threshold=0 1 47.500000000000007 2.5000000000000004 2 3.5000000000000004 18.500000000000004 1.5000000000000002 10.500000000000002 0.0471158865839243 2.5000000000000004 7.5000000000000009 29.500000000000004 5.5000000000000009 8.5000000000000018 9.5000000000000018 3.0219280719757085 1.5000000000000002 0.046028736978769309 75.500000000000014 0.046256404370069511 7.5000000000000009 8.5000000000000018 5.5000000000000009 3 19.500000000000004 14.500000000000002 0.041063759475946433 4 4.5000000000000009
decision_type=9 1 2 2 1 2 2 2 2 2 2 2 2 2 2 2 2 2 2 2 2 2 2 2 9 2 2 2 1 2
left_child=1 7 10 5 24 6 8 20 -4 19 11 -3 13 15 18 17 -17 -13 -15 -10 -1 -6 23 -23 25 -2 29 -28 -29 -27
right_child=4 2 3 -5 21 -7 -8 -9 9 -11 -12 12 -14 14 -16 16 -18 -19 -20 -21 -22 22 -24 -25 -26 26 27 28 -30 -31
leaf_value=-3.6480849787299001 -3.5154747967867896 -3.6741588701104191 -3.6349696860102516 -3.3123334851069042 -3.6697717136766159 -3.6430436650118372 -3.3601314407962892 -3.664519014490486 -3.4822817720024948 -3.3834746284585471 -3.6348360228232011 -3.6805547733806834 -3.6947171306219828 -3.4955589819162127 -3.593019352559462 -3.6502539160272063 -3.4431489427831155 -3.5380025218043278 -3.3198312036464159 -3.6522300588980849 -3.4774536956702335 -3.6247689027838588 -3.6558570040452469 -3.4615563711615689 -3.6488219420279151 -3.5979111444156335 -3.3760640926927508 -3.6808626507120161 -3.5417636724159514 -3.6561481750224791
leaf_weight=1.0722216069698363 1.6737117767333973 2.4321124255657258 1.6737117767333964 1.0460698604583729 118.25819772481918 2.9028438627719879 1.0460698604583738 26.491719216108322 1.1768285930156714 1.1245250999927519 11.689830690622328 3.5304857790470106 1.4644978046417225 1.2552838325500482 2.458264172077179 1.1245250999927523 1.9875327348709104 1.5952565371990202 1.3337390720844267 1.1768285930156706 1.1506768465042112 2.1444432139396654 6.4333296418190002 1.0722216069698332 64.071778953075409 8.2639518976211566 1.0983733534812916 3.6089410185813904 3.2689683139324188 18.149312078952789
leaf_count=41 64 93 64 40 4522 111 40 1013 45 43 447 135 56 48 94 43 76 61 51 45 44 82 246 41 2450 316 42 138 125 694
internal_value=-3.64552 -3.61947 -3.59782 -3.53211 -3.65397 -3.55737 -3.51724 -3.6534 -3.54914 -3.50784 -3.60466 -3.58413 -3.56929 -3.55546 -3.49659 -3.59153 -3.51799 -3.63619 -3.40503 -3.56726 -3.55976 -3.66499 -3.62736 -3.57036 -3.63933 -3.62526 -3.62493 -3.58188 -3.61475 -3.63793
internal_weight=295.776 67.733 39.0184 10.1469 228.043 9.10081 6.19796 28.7146 5.15189 3.47818 28.8715 17.1817 14.7496 13.2851 5.04729 8.2378 3.11206 5.12574 2.58902 2.35366 2.2229 127.908 9.64999 3.21666 100.135 36.0633 34.3895 7.97628 6.87791 26.4133
internal_count=11310 2590 1492 388 8720 348 237 1098 197 133 1104 657 564 508 193 315 119 196 99 90 85 4891 369 123 3829 1379 1315 305 263 1010
cat_boundaries=0 2 4 6 8 9
cat_threshold=1080607297 4 2734465030 22 183661792 3 872423714 24 2
is_linear=0
shrinkage=1


Tree=7
num_leaves=31
num_cat=6
split_feature=5 33 33 7 6 5 27 16 21 31 31 22 15 25 7 20 27 31 19 4 21 16 7 22 21 25 20 5 31 6
split_gain=13.5506 8.85968 7.88048 7.91931 13.9007 7.50102 10.5063 22.3815 7.35777 6.90578 11.496 7.86976 15.4672 10.2251 12.3557 8.07347 7.72411 12.3054 7.29627 7.71765 6.79726 7.59181 7.11264 6.2454 10.2721 5.71297 5.11327 5.04836 7.81265 13.6277
threshold=0 1 2 17.500000000000004 24.500000000000004 3 2.5000000000000004 5.5000000000000009 7.5000000000000009 5.5000000000000009 7.5000000000000009 17.500000000000004 1.5000000000000002 1.5000000000000002 7.5000000000000009 2.5000000000000004 1.5000000000000002 22.500000000000004 2.5000000000000004 4 6.5000000000000009 5.5000000000000009 5.5000000000000009 21.500000000000004 10.500000000000002 2.5000000000000004 4.5000000000000009 5 8.5000000000000018 11.500000000000002
decision_type=9 1 1 2 2 9 2 2 2 2 2 2 2 2 2 2 2 2 2 1 2 2 2 2 2 2 2 9 2 2
left_child=2 27 9 5 8 6 -4 -8 -5 25 26 15 -13 14 -14 20 18 -18 -15 -20 22 -22 -12 -3 -25 -1 -11 28 29 -2
right_child=1 23 3 4 -6 -7 7 -9 -10 10 11 12 13 16 -16 -17 17 -19 19 -21 21 -23 -24 24 -26 -27 -28 -29 -30 -31
leaf_value=-3.541858678946503 -3.407767290670709 -3.6526298257830287 -3.6189764879852375 -3.5257677123534075 -3.4325990292403001 -3.640187070581252 -3.6502339105666652 -3.4077672906707086 -3.6759500672222973 -3.5507981048315558 -3.5052883003258319 -3.4021801494925512 -3.6290180813257691 -3.6759500672222973 -3.4119576465543271 -3.632723238107074 -3.4593409015460139 -3.614900329470716 -3.6759500672222973 -3.5249045953714027 -3.4012262473401824 -3.5865558083717675 -3.6553206228721749 -3.4942778637518663 -3.6374417711020692 -3.6663721109168832 -3.4012262473401824 -3.6331737120105929 -3.6157522705854204 -3.5954952342568207
leaf_weight=1.1186400577425946 1.3050800673663641 81.474284205585718 35.103990383446217 1.3317143544554704 1.4382515028119085 48.714111085981131 1.9443029575049871 1.8644000962376592 2.1041086800396442 1.1985429190099233 1.1719086319208174 1.2784457802772546 1.0653714835643797 4.3413887955248338 1.7045943737030027 16.193646550178528 2.0774743929505348 3.2760173119604588 1.331714354455471 2.3171829767525196 1.0920057706534865 1.1186400577425955 2.4237201251089573 1.651325799524783 5.1936859823763371 5.2203202694654465 1.092005770653486 44.932042319327593 22.426069729030132 3.7288001924753189
leaf_count=42 49 3059 1318 50 54 1829 73 70 79 45 44 48 40 163 64 608 78 123 50 87 41 42 91 62 195 196 41 1687 842 140
internal_value=-3.62682 -3.63641 -3.61583 -3.62522 -3.56311 -3.62859 -3.6136 -3.53154 -3.61774 -3.60098 -3.58838 -3.59472 -3.56958 -3.58286 -3.49544 -3.61459 -3.60101 -3.55453 -3.63215 -3.58003 -3.564 -3.49501 -3.60642 -3.64646 -3.6029 -3.6444 -3.47949 -3.62316 -3.60922 -3.54683
internal_weight=301.234 160.711 140.522 92.5009 4.87407 87.6268 38.9127 3.8087 3.43582 48.0216 41.6827 39.3921 17.3922 16.1137 2.76997 21.9999 13.3438 5.35349 7.99029 3.6489 5.80627 2.21065 3.59563 88.3193 6.84501 6.33896 2.29055 72.392 27.4599 5.03388
internal_count=11310 6034 5276 3473 183 3290 1461 143 129 1803 1565 1479 653 605 104 826 501 201 300 137 218 83 135 3316 257 238 86 2718 1031 189
cat_boundaries=0 2 4 6 8 9 10
cat_threshold=3625132819 21 2214607367 8 2693139 2 1073881618 17 4 570985504
is_linear=0
shrinkage=1


Tree=8
num_leaves=31
num_cat=5
split_feature=5 20 33 5 30 27 7 19 7 1 33 19 34 32 27 18 18 14 20 22 17 17 6 6 26 27 21 16 22 6
split_gain=27.8511 30.9646 22.4629 10.5114 15.9587 10.0192 9.53437 7.32279 8.00414 9.08157 7.02641 7.08595 7.64569 10.3125 12.1904 8.64949 6.6735 8.44821 18.9453 11.5891 6.37302 14.348 6.36853 5.69426 15.0209 10.6206 10.5851 10.2865 5.39315 6.22191
threshold=0 1.5000000000000002 1 2 5.5000000000000009 1.5000000000000002 17.500000000000004 3.5000000000000004 5.5000000000000009 3 4 1.5000000000000002 0.046028736978769309 3.2219280004501347 1.5000000000000002 23.500000000000004 21.500000000000004 1.5000000000000002 3.5000000000000004 20.500000000000004 12.500000000000002 1.5000000000000002 9.5000000000000018 19.500000000000004 6.5000000000000009 1.5000000000000002 8.5000000000000018 5.5000000000000009 12.500000000000002 23.500000000000004
decision_type=9 2 1 9 2 2 2 2 2 1 1 2 2 2 2 2 2 2 2 2 2 2 2 2 2 2 2 2 2 2
left_child=1 20 3 4 5 6 7 8 9 -2 11 -3 -13 23 15 -15 -10 18 -18 -19 21 -1 -7 25 27 -14 -27 -25 29 -12
right_child=2 10 -4 -5 -6 22 -8 -9 16 -11 28 12 13 14 -16 -17 17 19 -20 -21 -22 -23 -24 24 -26 26 -28 -29 -30 -31
leaf_value=-3.5192662099497034 -3.3957358236926889 -3.5888880323411323 -3.6059074342322215 -3.5924162756279765 -3.3705179600097499 -3.6343356108466485 -3.4240143169850099 -3.6343356108466485 -3.6099740710171151 -3.53945382414215 -3.579149265518522 -3.5614537627953928 -3.6226294163831065 -3.4089913674234644 -3.3626877557611663 -3.5835538095118467 -3.3699316985634455 -3.5842591123081631 -3.5742438126004661 -3.4340296166927069 -3.5141520143542837 -3.3015194974831763 -3.5703865687941234 -3.5282912610004442 -3.6343356108466485 -3.42224691115424 -3.5774065388239493 -3.3767993326487238 -3.5907205959905486 -3.4570155504480775
leaf_weight=1.3035611305385821 1.8860033378005028 9.9015175234526378 121.92456872016191 41.297926029190421 1.1371490713208903 5.1033031493425396 1.6641205921769131 2.2188274562358847 4.1048307940363911 2.6348576042801239 2.718063633888959 23.325423633679748 4.2712428532540816 1.1094137281179421 2.0246800538152456 1.9692093674093483 2.0801507402211419 8.986251197755335 2.4961808882653713 1.4977085329592217 1.664120592176914 1.8027973081916568 16.419323176145554 2.3575041722506276 1.6086499057710169 1.8860033378005026 2.6348576042801142 2.1356214266270399 37.83100812882185 1.6918559353798626
leaf_count=47 68 357 4396 1489 41 184 60 80 148 95 98 841 154 40 73 71 75 324 90 54 60 65 592 85 58 68 95 77 1364 61
internal_value=-3.58221 -3.56176 -3.59249 -3.57425 -3.56044 -3.55998 -3.54003 -3.54748 -3.53934 -3.4795 -3.56572 -3.55604 -3.54201 -3.51932 -3.45798 -3.52065 -3.55346 -3.53806 -3.48137 -3.5628 -3.43519 -3.3929 -3.58555 -3.54034 -3.50323 -3.56609 -3.51268 -3.45629 -3.58456 -3.53229
internal_weight=313.687 100.236 213.451 91.5266 50.2287 49.0916 27.5689 25.9048 23.686 4.52086 95.4651 53.2241 43.3226 19.9972 5.1033 3.07862 19.1651 15.0603 4.57633 10.484 4.77048 3.10636 21.5226 14.8939 6.10178 8.7921 4.52086 4.49313 42.2409 4.40992
internal_count=11310 3614 7696 3300 1811 1770 994 934 854 163 3442 1919 1562 721 184 111 691 543 165 378 172 112 776 537 220 317 163 162 1523 159
cat_boundaries=0 2 4 6 7 9
cat_threshold=1880625025 16 70335252 2 188829730 11 2 272134721 6
is_linear=0
shrinkage=1


Tree=9
num_leaves=31
num_cat=3
split_feature=33 18 26 16 32 34 18 7 21 33 14 9 26 31 32 6 31 18 25 27 20 31 31 21 4 31 31 28 31 7
split_gain=17.5772 7.89173 6.92057 24.4167 10.4723 8.42656 8.32598 7.65148 8.96899 8.3857 12.3485 16.8812 23.0048 11.8184 9.91615 7.28106 6.76464 7.4293 11.1503 6.45393 14.1528 6.07886 6.11508 10.5193 10.0677 8.6648 14.5072 8.98759 5.41974 16.6409
threshold=0 18.500000000000004 7.5000000000000009 3.5000000000000004 3.2219280004501347 0.0471158865839243 20.500000000000004 13.500000000000002 3.5000000000000004 1 2.5000000000000004 1.0000000180025095e-35 4.5000000000000009 6.5000000000000009 3.0219280719757085 22.500000000000004 10.500000000000002 29.500000000000004 2.5000000000000004 2.5000000000000004 4.5000000000000009 115.50000000000001 33.500000000000007 6.5000000000000009 2 54.500000000000007 63.500000000000007 2.5000000000000004 64.500000000000014 16.500000000000004
decision_type=1 2 2 2 2 2 2 2 2 1 2 2 2 2 2 2 2 2 2 2 2 2 2 2 1 2 2 2 2 2
left_child=16 -2 7 -4 6 15 -5 8 -3 10 28 13 -13 -12 -14 -6 19 21 -19 -1 -21 22 23 -18 -25 -24 -27 -28 -9 -30
right_child=1 2 3 4 5 -7 -8 9 -10 -11 11 12 14 -15 -16 -17 17 18 -20 20 -22 -23 25 24 -26 26 27 -29 29 -31
leaf_value=-3.6535255010660137 -3.6713963348981586 -3.501557686461652 -3.4483077726808005 -3.5135389170623443 -3.5379563617042598 -3.4502095553158307 -3.6500618868018044 -3.6414345293190555 -3.6440189588708121 -3.6423014412539625 -3.4847090809294294 -3.318383103239539 -3.45738959060317 -3.6581222335749852 -3.6190659096607436 -3.6812761454720273 -3.4790928790853552 -3.6373914054811221 -3.4386562258080207 -3.6812761454720273 -3.4453956680209101 -3.5140697310762987 -3.661822085476059 -3.4870216346299308 -3.6143596979681645 -3.4790928790853552 -3.6691016692164862 -3.5315107629633813 -3.5159876357252591 -3.6812761454720273
leaf_weight=9.0087997913360578 15.18247729539871 1.1128517389297474 2.1462140679359463 1.192341148853308 2.0932211279869075 1.2983270287513731 17.620152533054352 13.804660856723791 152.99061763286591 25.91354763507843 1.2718305587768535 1.3778164386749265 1.5632917284965517 4.318924605846405 2.4111787676811218 1.5367952585220335 2.2257034778594997 1.1393482089042657 1.8547528982162473 1.2718305587768548 1.2718305587768552 2.0932211279869071 7.7104727625846854 1.8017599582672119 11.208006799221035 2.2257034778594953 4.1069528460502625 1.6692776083946226 3.6300163865089408 2.6231505274772644
leaf_count=340 573 42 81 45 79 49 665 521 5774 978 48 52 59 163 91 58 84 43 70 48 48 79 291 68 423 84 155 63 137 99
internal_value=-3.63072 -3.63625 -3.63421 -3.60981 -3.62441 -3.55953 -3.64141 -3.6372 -3.64299 -3.62154 -3.60811 -3.55791 -3.49444 -3.61867 -3.55547 -3.59863 -3.60574 -3.5897 -3.51428 -3.63367 -3.56334 -3.59653 -3.60211 -3.57954 -3.59672 -3.624 -3.58755 -3.62934 -3.62394 -3.58532
internal_weight=299.675 252.087 236.905 25.8871 23.7408 4.92834 18.8125 211.018 154.103 56.9144 31.0009 10.943 5.35229 5.59076 3.97447 3.63002 47.5877 36.0352 2.9941 11.5525 2.54366 33.0411 30.9479 15.2355 13.0098 15.7124 8.00193 5.77623 20.0578 6.25317
internal_count=11310 9514 8941 977 896 186 710 7964 5816 2148 1170 413 202 211 150 137 1796 1360 113 436 96 1247 1168 575 491 593 302 218 757 236
cat_boundaries=0 2 3 4
cat_threshold=33554944 6 2219925570 4
is_linear=0
shrinkage=1


Tree=10
num_leaves=31
num_cat=5
split_feature=5 33 33 14 18 27 25 34 19 6 22 18 16 27 21 18 22 22 21 34 30 4 30 7 7 15 20 28 5 27
split_gain=26.0459 12.8084 11.226 13.0599 15.7616 13.6873 18.2759 15.5325 11.8123 11.2257 10.5129 13.3026 9.70232 9.68526 10.9523 11.5775 8.43916 7.98419 7.51709 6.92187 6.32441 8.68277 5.40476 7.89011 19.9137 5.84646 5.82012 8.6671 8.37022 7.36203
threshold=0 1 2 1.5000000000000002 22.500000000000004 1.5000000000000002 2.5000000000000004 0.046028736978769309 2.5000000000000004 31.500000000000004 21.500000000000004 25.500000000000004 2.5000000000000004 1.5000000000000002 8.5000000000000018 21.500000000000004 23.500000000000004 20.500000000000004 8.5000000000000018 0.045249795541167266 1.5000000000000002 3 1.5000000000000002 12.500000000000002 13.500000000000002 1.5000000000000002 2.5000000000000004 1.5000000000000002 4 1.5000000000000002
decision_type=9 1 1 2 2 2 2 2 2 2 2 2 2 2 2 2 2 2 2 2 2 1 2 2 2 2 2 2 9 2
left_child=2 12 10 5 13 9 7 -7 -8 18 -1 -12 -2 14 15 -5 -6 -16 -4 -15 21 -21 23 25 -25 -14 27 -24 -28 -29
right_child=1 -3 3 4 16 6 8 -9 -10 -11 11 -13 22 19 17 -17 -18 -19 -20 20 -22 -23 26 24 -26 -27 28 29 -30 -31
leaf_value=-3.564728655858957 -3.4032871950777852 -3.5707342677888518 -3.4982079194784554 -3.4562126898951284 -3.5501886137706591 -3.2577420843300913 -3.5675118922316003 -3.4562126898951284 -3.3921728411661434 -3.397994645596051 -3.5545539809408679 -3.3572420145866966 -3.4990200754091565 -3.6017578006428224 -3.543539756343745 -3.2742813014605114 -3.4271036677455897 -3.3938362138604026 -3.5717742585145422 -3.3461663866468725 -3.5716450191088169 -3.5304703994602784 -3.5694144426988905 -3.3688856234465123 -3.5613286032129077 -3.591341053153922 -3.5223624144789949 -3.3359797723209468 -3.5701161666670345 -3.499020075409156
leaf_weight=40.508631942793727 1.2596323713660229 138.30190877430141 7.2428861353546399 2.4047527089714986 51.387275150045753 1.8894485570490345 2.9200568608939648 2.0612166076898575 1.4314004220068453 1.7176805064082135 2.1184726245701309 1.4314004220068453 1.9467045739293141 2.4047527089714995 3.4353610128164291 1.3741444051265719 1.4314004220068444 1.20237635448575 6.6703259665518999 1.1737483460456133 1.6604244895279405 1.4027724135667086 1.5459124557673956 1.7176805064082135 6.1836498230695724 14.399888245388865 10.792759181931613 1.3168883882462981 8.9891946502029914 1.4600284304469822
leaf_count=1415 44 4831 253 84 1795 66 102 72 50 60 74 50 68 84 120 48 50 42 233 41 58 49 54 60 216 503 377 46 314 51
internal_value=-3.55126 -3.5631 -3.53525 -3.52563 -3.53399 -3.49103 -3.43915 -3.36129 -3.50983 -3.51859 -3.55642 -3.47499 -3.54219 -3.48886 -3.45324 -3.39006 -3.54685 -3.50473 -3.53348 -3.534 -3.49555 -3.44651 -3.54385 -3.56052 -3.51949 -3.58035 -3.52708 -3.47453 -3.53857 -3.4217
internal_weight=323.783 187.914 135.869 91.81 67.877 23.933 8.30212 3.95067 4.35146 15.6309 44.0585 3.54987 49.6123 15.0583 8.41663 3.7789 52.8187 4.63774 13.9132 6.6417 4.23695 2.57652 48.3527 24.2479 7.90133 16.3466 24.1048 4.32283 19.782 2.77692
internal_count=11310 6564 4746 3207 2371 836 290 138 152 546 1539 124 1733 526 294 132 1845 162 486 232 148 90 1689 847 276 571 842 151 691 97
cat_boundaries=0 2 4 6 7 9
cat_threshold=3297836114 10 40374784 10 2154826513 2 2 274858888 16
is_linear=0
shrinkage=1


Tree=11
num_leaves=31
num_cat=5
split_feature=5 0 16 0 30 7 18 27 25 5 7 34 18 12 16 6 1 15 7 7 10 7 7 34 12 34 22 20 22 25
split_gain=24.0078 23.4256 23.1876 15.3734 6.62782 6.39328 5.83227 6.02192 5.78102 5.534 7.32807 13.3517 5.29578 5.47211 9.51341 14.9134 9.97063 7.00609 5.3907 9.14966 5.26369 17.0012 14.5753 12.2293 9.3175 16.11 21.0145 10.7995 17.6474 8.55239
threshold=0 1 8.5000000000000018 2 3.5000000000000004 2.5000000000000004 21.500000000000004 1.5000000000000002 1.5000000000000002 3 9.5000000000000018 0.044749138876795776 19.500000000000004 1.5000000000000002 4.5000000000000009 6.5000000000000009 4 3.5000000000000004 9.5000000000000018 5.5000000000000009 1.0000000180025095e-35 14.500000000000002 16.500000000000004 0.046546151861548431 1.5000000000000002 0.046028736978769309 16.500000000000004 3.5000000000000004 17.500000000000004 3.5000000000000004
decision_type=9 1 2 1 2 2 2 2 2 9 2 2 2 2 2 2 1 2 2 2 2 2 2 2 2 2 2 2 2 2
left_child=3 -2 6 4 5 -1 9 -8 -7 10 -3 -12 -10 14 -14 16 -16 18 19 -17 21 24 23 -22 27 26 -26 28 29 -9
right_child=1 2 -4 -5 -6 8 7 20 12 -11 11 -13 13 -15 15 17 -18 -19 -20 -21 22 -23 -24 -25 25 -27 -28 -29 -30 -31
leaf_value=-3.6319442188463551 -3.612551229985157 -3.602294180815043 -3.3700830656563507 -3.6274542533734078 -3.6440646735821285 -3.6273114004039626 -3.5805777272181878 -3.599407578554783 -3.5012442350245037 -3.6185240416461633 -3.5659946857252378 -3.360461058122151 -3.6070920037499041 -3.6131756543760769 -3.3332684281341947 -3.5817672314087496 -3.5326810480458746 -3.6249465886020249 -3.5749195017149309 -3.4421144831693198 -3.6375929083206944 -3.6379958379367308 -3.4230041070944504 -3.5151625562031663 -3.5605988148335097 -3.56283612715447 -3.2854093993553914 -3.5876732507175539 -3.3564260227045835 -3.46065440025688
leaf_weight=7.3585680127143851 60.394765615463257 2.9979351162910461 1.4172056913375843 98.55030345916748 6.0503781437873831 5.9958702325820914 40.417616158723831 2.8344113826751762 2.3165862262248984 10.71080455183983 2.3165862262248997 1.1991740465164182 9.9476937949657458 8.9392974376678449 1.2536819577217102 2.1258085370063764 1.2536819577217129 3.6520300507545462 6.4591874778270721 2.6163797378540039 6.7862349450588209 3.488506317138671 1.3081898689270008 2.9161732494831085 1.0901582241058343 2.2348243594169617 1.907776892185211 6.1866479218006134 1.689745247364044 1.8260150253772733
leaf_count=270 2216 110 52 3616 222 220 1483 104 85 393 85 44 365 328 46 78 46 134 237 96 249 128 48 107 40 82 70 227 62 67
internal_value=-3.60269 -3.58895 -3.57387 -3.616 -3.59568 -3.58877 -3.57392 -3.56772 -3.58164 -3.60008 -3.57965 -3.49589 -3.57454 -3.57922 -3.56811 -3.54577 -3.43297 -3.56481 -3.5452 -3.50472 -3.55161 -3.53708 -3.57967 -3.6008 -3.51727 -3.46122 -3.38548 -3.54066 -3.49485 -3.54504
internal_weight=308.242 151.723 91.328 156.519 57.9692 51.9188 89.9108 72.6863 44.5602 17.2245 6.5137 3.51576 38.5643 36.2478 27.3085 17.3608 2.50736 14.8534 11.2014 4.74219 32.2687 21.2581 11.0106 9.70241 17.7696 5.23276 2.99794 12.5368 6.35017 4.66043
internal_count=11310 5567 3351 5743 2127 1905 3299 2667 1635 632 239 129 1415 1330 1002 637 92 545 411 174 1184 780 404 356 652 192 110 460 233 171
cat_boundaries=0 2 4 6 8 9
cat_threshold=1590165933 15 1289888080 23 3532390680 26 2150700544 16 2
is_linear=0
shrinkage=1


Tree=12
num_leaves=31
num_cat=5
split_feature=0 5 5 15 17 6 0 22 24 31 27 31 21 21 31 31 6 18 31 31 21 25 5 30 31 25 23 7 7 31
split_gain=20.4956 18.7407 13.2134 9.81332 23.4018 24.8704 9.79099 12.6158 10.8304 7.98985 14.2908 8.537 8.50686 7.4513 7.19331 17.7885 8.84935 6.5933 6.32172 7.88338 16.974 12.8222 10.2663 9.18678 8.33602 7.43314 17.0895 19.7447 17.3788 7.4494
threshold=0 1 2 4.5000000000000009 14.500000000000002 16.500000000000004 3 12.500000000000002 1.5000000000000002 100.50000000000001 1.5000000000000002 131.50000000000003 8.5000000000000018 8.5000000000000018 60.500000000000007 70.500000000000014 29.500000000000004 23.500000000000004 78.500000000000014 41.500000000000007 11.500000000000002 2.5000000000000004 4 3.5000000000000004 57.500000000000007 3.5000000000000004 1.5000000000000002 6.5000000000000009 11.500000000000002 5.5000000000000009
decision_type=1 9 9 2 2 2 1 2 2 2 2 2 2 2 2 2 2 2 2 2 2 2 9 2 2 2 2 2 2 2
left_child=1 -1 6 9 5 -5 -2 8 -8 12 11 13 14 -11 -3 -16 -17 -12 19 22 21 -21 -14 25 -23 -24 27 -27 -29 -28
right_child=2 3 -4 4 -6 -7 7 -9 -10 10 17 -13 18 -15 15 16 -18 -19 -20 20 -22 24 23 -25 -26 26 29 28 -30 -31
leaf_value=-3.6318015106142072 -3.6350495927842776 -3.6249738874625184 -3.6405874996747958 -3.2540525423225186 -3.6307573911115583 -3.562570923561728 -3.5813708366958221 -3.5951549627289223 -3.3647631418899597 -3.4351606427018648 -3.3758058871153565 -3.6680139146181667 -3.6300685469707998 -3.6214432602349063 -3.4444747735785168 -3.6680139146181667 -3.5127784000072988 -3.5380492977346494 -3.6680139146181667 -3.6297366644401445 -3.3931707084218758 -3.3963517640491481 -3.5976404813279066 -3.447000639578965 -3.5813708366958217 -3.295448679552083 -3.5424301275172398 -3.6680139146181667 -3.4351606427018648 -3.6680139146181667
leaf_weight=45.226977821439505 15.78247059881687 37.174696903675795 112.14143224805593 1.2078421376645558 2.68409363925457 1.4225696288049219 1.154160264879468 25.391525827348232 1.1541602648794649 1.0736374557018273 1.3688877560198309 2.2277977205812931 13.715718496590851 1.0736374557018278 2.0130702294409266 3.1940714307129383 1.2883649468421934 1.1541602648794649 2.2277977205812922 3.9187767133116713 1.6372971199452875 1.2883649468421938 12.07842137664557 1.5836152471601952 1.1541602648794649 1.2078421376645545 2.3888433389365673 1.3688877560198309 1.9325474202632902 2.3351614661514759
leaf_count=1685 588 1385 4178 45 100 53 43 946 43 40 51 83 511 40 75 119 48 43 83 146 61 48 450 59 43 45 89 51 72 87
internal_value=-3.61959 -3.6066 -3.63179 -3.59527 -3.52689 -3.4209 -3.60912 -3.59375 -3.47307 -3.59666 -3.54479 -3.59944 -3.60062 -3.5283 -3.61649 -3.56794 -3.6234 -3.45002 -3.58581 -3.58171 -3.53674 -3.57369 -3.59153 -3.57986 -3.48378 -3.57182 -3.53805 -3.46843 -3.53171 -3.60451
internal_weight=303.571 147.947 155.624 102.72 5.31451 2.63041 43.4823 27.6998 2.30832 97.4058 6.89812 4.37507 90.5076 2.14727 43.6702 6.49551 4.48244 2.52305 46.8374 44.6096 7.9986 6.3613 36.611 22.8953 2.44253 21.3117 9.23328 4.50928 3.30144 4.724
internal_count=11310 5512 5798 3827 198 98 1620 1032 86 3629 257 163 3372 80 1627 242 167 94 1745 1662 298 237 1364 853 91 794 344 168 123 176
cat_boundaries=0 2 4 6 8 9
cat_threshold=3032095409 20 953176641 8 9114072 1 1074004236 10 83888426
is_linear=0
shrinkage=1


Tree=13
num_leaves=31
num_cat=5
split_feature=0 20 20 31 7 0 19 22 19 28 7 27 7 34 9 0 16 27 31 31 0 16 18 31 21 19 18 0 21 19
split_gain=19.2848 7.50124 6.8622 10.5766 6.84522 8.74992 10.1883 10.1253 6.38257 6.18604 8.417 6.0342 9.26 14.3896 5.56293 5.13121 8.57088 5.10521 4.942 5.822 15.9719 12.2499 18.9759 11.7207 25.2069 19.0953 17.0245 10.9833 10.9559 12.4728
threshold=0 6.5000000000000009 6.5000000000000009 33.500000000000007 9.5000000000000018 1 2.5000000000000004 14.500000000000002 1.5000000000000002 1.5000000000000002 7.5000000000000009 1.5000000000000002 5.5000000000000009 0.045729694887995727 1.0000000180025095e-35 2 7.5000000000000009 2.5000000000000004 157.50000000000003 26.500000000000004 3 3.5000000000000004 23.500000000000004 35.500000000000007 7.5000000000000009 3.5000000000000004 25.500000000000004 4 7.5000000000000009 1.5000000000000002
decision_type=1 2 2 2 2 1 2 2 2 2 2 2 2 2 2 1 2 2 2 2 1 2 2 2 2 2 2 1 2 2
left_child=1 18 4 -4 5 6 8 -8 9 -2 -11 12 -9 -14 -13 16 -6 -10 19 27 -21 22 -22 24 26 28 -23 -1 -25 -30
right_child=2 -3 3 -5 15 -7 7 11 17 10 -12 14 13 -15 -16 -17 -18 -19 -20 20 21 23 -24 25 -26 -27 -28 -29 29 -31
leaf_value=-3.5435648586592179 -3.5659054575349489 -3.5681797012703913 -3.5382852304493002 -3.3887431651798621 -3.5419985772405846 -3.548377048788403 -3.3600789673083109 -3.5325537604018833 -3.5642253501386962 -3.5052844396456684 -3.3723845158114769 -3.4739922138121329 -3.5060616321827105 -3.2706429473259715 -3.5682939028926879 -3.5638451106267719 -3.4474403568887406 -3.476767451940356 -3.582226500812832 -3.5360984330631324 -3.4689233904539734 -3.4394173721313543 -3.2588850773830713 -3.5570987948864721 -3.5060616321827105 -3.3554120023187202 -3.2150030270604608 -3.5098369454430776 -3.3896748666355587 -3.5106464952820668
leaf_weight=36.587297916412354 3.0635297298431405 7.1190595626831046 3.4136474132537833 1.8089413642883299 31.072944402694702 43.210357427597046 1.5755295753478993 2.0131766796112043 13.888001441955565 7.1482360363006574 1.4296472072601316 2.7717649936676025 1.3129413127899172 1.2837648391723631 3.5887062549591064 44.464945793151855 2.5967061519622794 1.8964707851409919 2.7425885200500479 32.298356294631958 3.5303533077239981 1.7505884170532211 1.5463531017303465 9.9491775035858208 5.251765251159668 1.9840002059936512 1.6338825225830076 44.58165168762207 2.5967061519622794 11.874824762344359
leaf_count=1254 105 244 117 62 1065 1481 54 69 476 245 49 95 45 44 123 1524 89 65 94 1107 121 60 53 341 180 68 56 1528 89 407
internal_value=-3.53056 -3.5188 -3.54229 -3.48649 -3.54472 -3.53474 -3.51917 -3.47861 -3.533 -3.50492 -3.48313 -3.49563 -3.45207 -3.38967 -3.5272 -3.55535 -3.53411 -3.55372 -3.5157 -3.51451 -3.50421 -3.48842 -3.40495 -3.48805 -3.43749 -3.50459 -3.33108 -3.52371 -3.51671 -3.48894
internal_weight=329.986 163.447 166.539 5.22259 161.317 83.1821 39.9718 12.5459 27.4259 11.6414 8.57788 10.9704 4.60988 2.59671 6.36047 78.1346 33.6697 15.7845 156.328 153.585 72.416 40.1177 5.07671 35.0409 8.63624 26.4047 3.38447 81.1689 24.4207 14.4715
internal_count=11310 5602 5708 179 5529 2851 1370 430 940 399 294 376 158 89 218 2678 1154 541 5358 5264 2482 1375 174 1201 296 905 116 2782 837 496
cat_boundaries=0 2 3 4 6 8
cat_threshold=156364038 31 2181955793 1344410152 1060102 2 134340608 13
is_linear=0
shrinkage=1


Tree=14
num_leaves=31
num_cat=9
split_feature=5 0 0 32 31 31 1 21 0 27 26 7 22 25 28 5 31 31 22 1 7 31 31 22 19 5 20 21 0 32
split_gain=23.9492 18.08 14.8713 20.2876 15.6121 11.441 9.43284 9.10482 9.55066 9.81848 17.8309 11.4025 8.56097 15.0823 15.5761 9.78299 14.9417 17.9949 24.4632 11.0086 9.19806 8.37996 9.58997 16.3862 11.6882 8.10778 6.62492 7.07414 8.34685 9.67949
threshold=0 1 2 2.6841837167739873 6.5000000000000009 105.50000000000001 3 6.5000000000000009 4 1.5000000000000002 5.5000000000000009 12.500000000000002 20.500000000000004 2.5000000000000004 1.5000000000000002 5 12.500000000000002 9.5000000000000018 13.500000000000002 6 8.5000000000000018 12.500000000000002 7.5000000000000009 18.500000000000004 2.5000000000000004 7 5.5000000000000009 12.500000000000002 8 3.0219280719757085
decision_type=9 1 1 2 2 2 1 2 1 2 2 2 2 2 2 9 2 2 2 1 2 2 2 2 2 9 2 2 1 2
left_child=2 12 3 4 -1 21 -7 8 9 10 11 -3 15 14 -14 -2 17 18 -17 -20 -19 22 -5 -24 -25 -9 27 28 -27 -30
right_child=1 7 -4 5 -6 6 -8 25 -10 -11 -12 -13 13 -15 -16 16 -18 20 19 -21 -22 -23 23 24 -26 26 -28 -29 29 -31
leaf_value=-3.5649164053064881 -3.5652609526015655 -3.5586200954894704 -3.5841923439517553 -3.5664233909348235 -3.3324895593907868 -3.4092687646708049 -3.5722901585146531 -3.572554955382214 -3.5654724938938398 -3.5213907787305141 -3.2849595751698231 -3.3873318488765141 -3.5189533436422593 -3.5199176036771735 -3.2795063305655923 -3.2876185952661001 -3.5255366729453765 -3.4354860542786159 -3.5735886810921915 -3.4415289349565268 -3.2393852074731564 -3.5752952576507893 -3.5470087189438018 -3.4897041225832051 -3.2724241947159425 -3.569635652114743 -3.5908906170577723 -3.4238933752003322 -3.4575299794182448 -3.5339910787630164
leaf_weight=1.1966130696237081 15.356534393504264 2.0798274781554924 74.446427403017879 8.689690148457883 1.8234103918075559 2.2792629897594443 1.4530301559716465 57.380445767194033 14.273884473368527 4.1026733815670013 1.7094472423195837 1.8234103918075559 1.139631494879721 5.1853233017027378 1.6809564549475906 1.2535946443676929 27.721536112949252 1.168122282251715 4.5300351921468973 2.4217169266194105 1.2251038569957016 39.801629958674312 4.1881457436829796 1.2820854317396881 1.1966130696237085 14.302375260740517 6.3249547965824595 1.367557793855666 5.6981574743986156 15.128608094528316
leaf_count=42 539 73 2613 305 64 80 51 2014 501 144 60 64 40 182 59 44 973 41 159 85 43 1397 147 45 42 502 222 48 200 531
internal_value=-3.55472 -3.54339 -3.57014 -3.55176 -3.42458 -3.55746 -3.47274 -3.55528 -3.5275 -3.51029 -3.41962 -3.4786 -3.52299 -3.4693 -3.37625 -3.52473 -3.51666 -3.45574 -3.49092 -3.52758 -3.3351 -3.56319 -3.53181 -3.4867 -3.38481 -3.56179 -3.54611 -3.53546 -3.5398 -3.5272
internal_weight=322.231 185.874 136.357 61.9105 3.02002 58.8905 3.73229 124.191 23.9892 9.71536 5.61269 3.90324 61.6826 8.00591 2.82059 53.6766 38.3201 10.5986 8.20535 6.95175 2.39323 55.1582 15.3565 6.66684 2.4787 100.202 42.8217 36.4967 35.1291 20.8268
internal_count=11310 6524 4786 2173 106 2067 131 4359 842 341 197 137 2165 281 99 1884 1345 372 288 244 84 1936 539 234 87 3517 1503 1281 1233 731
cat_boundaries=0 1 3 5 6 8 10 11 13 15
cat_threshold=1648475922 2432864488 24 2176717740 3 1 573842962 3 84410529 5 2 411189388 28 542392838 5
is_linear=0
shrinkage=1


Tree=15
num_leaves=31
num_cat=9
split_feature=5 0 7 17 34 0 7 16 20 31 7 21 1 34 5 7 4 22 31 26 4 22 26 16 4 31 17 28 1 32
split_gain=19.5476 16.2687 9.98595 21.3874 20.315 9.60312 9.45699 9.38925 11.9409 13.203 19.0824 17.4087 11.8762 16.5585 8.68009 7.88356 15.1924 11.3968 7.05574 10.3572 8.16339 9.98875 12.4853 12.8402 6.78329 9.76596 6.71445 6.63748 16.4842 6.74586
threshold=0 1 17.500000000000004 12.500000000000002 0.0471158865839243 2 10.500000000000002 6.5000000000000009 4.5000000000000009 13.500000000000002 3.5000000000000004 8.5000000000000018 3 0.046546151861548431 4 5.5000000000000009 5 17.500000000000004 20.500000000000004 4.5000000000000009 6 19.500000000000004 6.5000000000000009 5.5000000000000009 7 36.500000000000007 13.500000000000002 3.5000000000000004 8 2.8841837644577031
decision_type=9 1 2 2 2 1 2 2 2 2 2 2 1 2 9 2 1 2 2 2 1 2 2 2 1 2 2 2 1 2
left_child=5 6 -3 -4 -5 14 7 8 9 10 -2 -12 13 -9 -1 24 -17 -18 -8 -20 -21 22 23 -22 25 -11 -14 29 -29 -16
right_child=1 2 3 4 -6 -7 18 12 -10 15 11 -13 26 -15 27 16 17 -19 19 20 21 -23 -24 -25 -26 -27 -28 28 -30 -31
leaf_value=-3.6956292476421408 -3.3793000262383228 -3.6834443913500099 -3.7092815362079254 -3.3873100129821392 -3.6783729062856079 -3.7003342423917043 -3.6983379970035495 -3.5781540153253668 -3.6858360573959534 -3.5335250988713325 -3.7277344495943834 -3.4852566929898723 -3.5302882763592813 -3.3516465005751419 -3.7277344495943834 -3.4774505680287615 -3.6991190621690064 -3.5482379284715635 -3.681548210241143 -3.6973581152505215 -3.4584896679101536 -3.4456684878299524 -3.7277344495943834 -3.6807234559669784 -3.7162550209179241 -3.7277344495943834 -3.6787808529245232 -3.6728882903624105 -3.4336656809463593 -3.6468346090883239
leaf_weight=14.890134170651434 1.2914912290871203 91.442643690854311 2.7095992453396311 1.4687547311186793 1.0129342973232267 86.681852493435144 10.205313045531513 3.3426831811666489 9.546905752271412 1.5447248034179213 1.5194014459848406 1.4434313736855982 1.0129342973232249 1.0635810121893881 2.962832819670445 1.7979583777487278 3.4946233257651329 1.9498985223472116 8.6605882421135885 1.6460182331502438 1.6713415905833238 1.2408445142209528 1.4181080162525175 1.0635810121893881 4.355617478489874 1.1142277270555494 3.0641262494027615 1.8232817351818085 1.1901977993547908 19.777542155236006
leaf_count=588 51 3611 107 58 40 3423 403 132 377 61 60 57 40 42 117 71 138 77 342 65 66 49 56 42 172 44 121 72 47 781
internal_value=-3.67728 -3.66594 -3.67945 -3.61216 -3.50611 -3.69133 -3.64769 -3.62648 -3.64042 -3.61699 -3.53969 -3.6096 -3.58039 -3.52348 -3.67148 -3.64006 -3.60347 -3.64508 -3.66597 -3.64493 -3.59989 -3.57015 -3.60734 -3.54491 -3.67784 -3.61491 -3.64189 -3.65644 -3.57841 -3.65738
internal_weight=286.407 159.081 96.6339 5.19129 2.48169 127.326 62.4474 36.5416 28.0583 18.5114 4.25432 2.96283 8.48332 4.40626 40.644 14.2571 7.24248 5.44452 25.9058 15.7005 7.03989 5.39388 4.15303 2.73492 7.01457 2.65895 4.07706 25.7539 3.01348 22.7404
internal_count=11310 6282 3816 205 98 5028 2466 1443 1108 731 168 117 335 174 1605 563 286 215 1023 620 278 213 164 108 277 105 161 1017 119 898
cat_boundaries=0 2 4 6 7 9 10 11 12 13
cat_threshold=2873342528 18 4212541536 4 122160469 16 2 2705367040 16 4 4 2 2
is_linear=0
shrinkage=1


Tree=16
num_leaves=31
num_cat=3
split_feature=5 31 31 18 10 17 26 20 7 15 15 30 31 5 15 23 18 26 7 31 14 7 20 19 20 6 6 10 24 1
split_gain=21.6764 12.2238 14.7364 12.9799 18.0367 24.4614 12.7474 24.6275 8.50555 18.5834 8.64305 17.3432 7.06124 7.04379 9.53389 6.41098 10.2422 6.26902 6.75489 8.72335 5.98171 8.76133 5.70996 11.0216 5.63168 10.3842 13.1952 7.94128 7.33536 5.27025
threshold=0 17.500000000000004 26.500000000000004 20.500000000000004 1.0000000180025095e-35 9.5000000000000018 7.5000000000000009 3.5000000000000004 4.5000000000000009 2.5000000000000004 3.5000000000000004 2.5000000000000004 44.500000000000007 1 4.5000000000000009 2.5000000000000004 23.500000000000004 5.5000000000000009 11.500000000000002 67.500000000000014 2.5000000000000004 14.500000000000002 3.5000000000000004 2.5000000000000004 4.5000000000000009 6.5000000000000009 4.5000000000000009 1.0000000180025095e-35 2.5000000000000004 2
decision_type=9 2 2 2 2 2 2 2 2 2 2 2 2 9 2 2 2 2 2 2 2 2 2 2 2 2 2 2 2 1
left_child=15 13 6 4 12 -6 8 -8 9 -3 20 -12 -4 14 24 -1 -17 18 19 -14 21 22 -10 -24 -2 26 -26 28 -27 -11
right_child=1 2 3 -5 5 -7 7 -9 10 29 11 -13 17 -15 -16 16 -18 -19 -20 -21 -22 -23 23 -25 25 27 -28 -29 -30 -31
leaf_value=-3.5795530469022028 -3.5722474760951859 -3.3177606655053866 -3.5968499413026986 -3.5579010002471105 -3.5290071665721019 -3.2589790304259516 -3.2772216068299138 -3.5508602528893483 -3.6116688409025559 -3.6116688409025559 -3.3350493817052191 -3.5522267380132404 -3.3373545438651973 -3.5804245029173103 -3.4323350389652996 -3.4327682123999304 -3.5730531682226356 -3.6116688409025559 -3.5582309908303431 -3.5063883004617784 -3.5945479763163131 -3.4227278710043749 -3.3912377093546784 -3.6116688409025559 -3.5425139761032218 -3.4634798449039828 -3.3177606655053857 -3.5935821839550375 -3.5857357666028054 -3.4780742157220237
leaf_weight=137.00424337387085 19.025216743350029 1.5310904681682647 3.3740697354078275 73.463988944888115 1.8146257400512689 1.5594439953565595 1.6445045769214623 1.6445045769214628 2.4384033381938952 1.2192016690969467 1.4460298866033547 2.5234639197587967 1.2759087234735491 33.230333864688873 1.672858104109763 1.9563933759927739 3.8844332247972488 1.1624946147203443 1.8713327944278715 1.8996863216161726 5.8408266007900238 1.5877975225448606 1.1341410875320437 1.1341410875320432 1.4460298866033547 3.3740697354078275 1.1908481419086454 5.5289378017187119 1.9280398488044737 1.8713327944278717
leaf_count=4832 671 54 119 2591 64 55 58 58 86 43 51 89 45 1172 59 69 137 41 66 67 206 56 40 40 51 119 42 195 68 66
internal_value=-3.5624 -3.55097 -3.54013 -3.54976 -3.50362 -3.4042 -3.50549 -3.41404 -3.52 -3.46021 -3.53716 -3.47311 -3.53863 -3.56716 -3.55165 -3.57633 -3.52606 -3.50699 -3.48288 -3.43847 -3.55811 -3.52429 -3.55855 -3.50145 -3.55473 -3.52999 -3.44101 -3.55166 -3.50794 -3.53078
internal_weight=320.678 177.833 110.437 86.4216 12.9576 3.37407 24.0154 3.28901 20.7264 4.62162 16.1048 3.96949 9.58349 67.3963 34.166 142.845 5.84083 6.20942 5.04693 3.1756 12.1353 6.29448 4.70669 2.26828 32.4931 13.4679 2.63688 10.831 5.30211 3.09053
internal_count=11310 6272 3895 3048 457 119 847 116 731 163 568 140 338 2377 1205 5038 206 219 178 112 428 222 166 80 1146 475 93 382 187 109
cat_boundaries=0 2 4 5
cat_threshold=1717128394 21 2434925076 2 2
is_linear=0
shrinkage=1


Tree=17
num_leaves=31
num_cat=4
split_feature=5 0 0 7 7 14 18 18 27 31 31 31 5 31 7 32 31 6 6 7 32 6 20 30 20 10 30 34 18 6
split_gain=26.0242 17.792 11.0418 15.5222 14.4291 14.1348 12.7369 18.6496 18.8688 13.3925 11.1761 10.1976 8.23304 7.91864 7.13993 6.53722 7.88895 18.6456 13.891 11.9568 15.0367 6.18882 4.93039 13.9689 7.15001 7.06356 20.7437 12.3576 9.6646 6.1497
threshold=0 1 2 1.5000000000000002 10.500000000000002 2.5000000000000004 28.500000000000004 24.500000000000004 1.5000000000000002 29.500000000000004 70.500000000000014 23.500000000000004 3 128.50000000000003 5.5000000000000009 3.2219280004501347 37.500000000000007 18.500000000000004 9.5000000000000018 6.5000000000000009 3.0219280719757085 22.500000000000004 4.5000000000000009 4.5000000000000009 6.5000000000000009 1.0000000180025095e-35 2.5000000000000004 0.04499443247914315 24.500000000000004 5.5000000000000009
decision_type=9 1 1 2 2 2 2 2 2 2 2 2 9 2 2 2 2 2 2 2 2 2 2 2 2 2 2 2 2 2
left_child=2 12 3 -1 5 11 7 9 -9 -6 -11 -5 13 22 21 16 -4 18 -18 -20 -21 -13 29 24 25 -24 27 -27 -29 -2
right_child=1 -3 15 4 6 -7 -8 8 -10 10 -12 14 -14 -15 -16 -17 17 -19 19 20 -22 -23 23 -25 -26 26 -28 28 -30 -31
leaf_value=-3.4321475430844899 -3.5661676440725243 -3.6487654585168894 -3.62500881619893 -3.4702208139772432 -3.6454251983465067 -3.6759500672222973 -3.6759500672222973 -3.5223544770154782 -3.3170584103664948 -3.4321475430844894 -3.6301627639086114 -3.4783417055527055 -3.6365597669022445 -3.5026627346812709 -3.6584053995974268 -3.6484441414221345 -3.5996378950328207 -3.6427238825167905 -3.5735530070844179 -3.535154109532713 -3.2863260333643289 -3.6322924059232014 -3.6202444459801275 -3.4256461424408147 -3.6759500672222973 -3.650919674744149 -3.3943581518431292 -3.6051093337935756 -3.4182842623001828 -3.6277116234742599
leaf_weight=2.0508401058614281 4.5544630922377101 111.3845886066556 26.501115653663874 1.9443029575049893 3.276017311960457 5.2203202694654465 1.464885789901017 2.9297715798020363 1.8111315220594404 2.0508401058614258 1.092005770653486 1.5181543640792372 43.307350806891918 1.7312286607921112 2.849868718534708 14.542320750653742 3.276017311960457 6.0193488821387291 1.4648857899010184 1.0653714835643768 1.4116172157227993 1.1452743448317049 8.9757547490298819 1.1985429190099228 2.7699658572673789 3.9951430633664131 1.598057225346565 1.4116172157227995 1.3583486415445802 37.314636211842299
leaf_count=77 171 4182 995 73 123 196 55 110 68 77 41 57 1626 65 107 546 123 226 55 40 53 43 337 45 104 150 60 53 51 1401
internal_value=-3.62649 -3.63545 -3.60393 -3.58092 -3.57517 -3.61285 -3.53733 -3.51914 -3.44393 -3.57469 -3.50095 -3.56868 -3.62097 -3.61054 -3.6034 -3.62073 -3.60926 -3.57774 -3.52355 -3.46032 -3.39335 -3.54454 -3.61105 -3.59147 -3.60136 -3.58944 -3.55638 -3.59465 -3.51349 -3.62102
internal_weight=301.234 219.6 81.6341 27.3534 25.3026 12.6779 12.6247 11.1598 4.7409 6.41886 3.14285 7.4576 108.215 64.9078 5.5133 54.2807 39.7384 13.2372 7.21789 3.94187 2.47699 2.66343 63.1765 21.3074 20.1089 17.3389 8.36317 6.76511 2.76997 41.8691
internal_count=11310 8245 3065 1027 950 476 474 419 178 241 118 280 4063 2437 207 2038 1492 497 271 148 93 100 2372 800 755 651 314 254 104 1572
cat_boundaries=0 2 4 6 8
cat_threshold=2202585088 16 213185766 12 2337341959 1 681710862 14
is_linear=0
shrinkage=1


Tree=18
num_leaves=31
num_cat=4
split_feature=5 0 7 0 14 9 28 5 15 7 18 31 11 15 15 17 25 7 22 15 20 28 31 7 18 26 25 10 7 14
split_gain=26.1421 18.2095 15.9752 11.9787 11.6241 12.0357 12.9433 8.64293 15.2375 15.7981 14.2696 14.9862 9.67419 10.8894 8.43131 22.2347 10.3198 18.9746 8.42276 8.10513 8.75028 8.03279 7.6808 11.4485 10.385 18.6874 20.0278 14.3821 16.4528 27.0262
threshold=0 1 1.0000000180025095e-35 2 1.5000000000000002 1.0000000180025095e-35 1.5000000000000002 3 2.5000000000000004 11.500000000000002 20.500000000000004 26.500000000000004 1.5000000000000002 3.5000000000000004 3.5000000000000004 16.500000000000004 2.5000000000000004 16.500000000000004 19.500000000000004 4.5000000000000009 4.5000000000000009 2.5000000000000004 43.500000000000007 14.500000000000002 24.500000000000004 3.5000000000000004 3.5000000000000004 1.0000000180025095e-35 7.5000000000000009 2.5000000000000004
decision_type=9 1 2 1 2 2 2 9 2 2 2 2 2 2 2 2 2 2 2 2 2 2 2 2 2 2 2 2 2 2
left_child=2 14 18 4 5 6 -4 8 9 -3 -11 -12 -10 -14 15 22 17 19 -1 20 -16 -6 23 24 -2 -26 27 28 29 -27
right_child=1 7 3 -5 21 -7 -8 -9 12 10 11 -13 13 -15 16 -17 -18 -19 -20 -21 -22 -23 -24 -25 25 26 -28 -29 -30 -31
leaf_value=-3.5930302934422085 -3.6958697556503055 -3.7156062555918346 -3.5145955476480206 -3.764535883733648 -3.7648793651292092 -3.7394157948355558 -3.6831851736654131 -3.7495809785780421 -3.7516947145824799 -3.7423059701194759 -3.6561387095984519 -3.4446402338315831 -3.7512722921623403 -3.5679725399684061 -3.7718374725515638 -3.4900639302399172 -3.7530234611622615 -3.4775880687661544 -3.7470576142303273 -3.6134978878712603 -3.6535363006847921 -3.7072109845290195 -3.7216136913605538 -3.7333537128955019 -3.7823555419109378 -3.582107682953628 -3.682753998151302 -3.672746187534305 -3.6051148837699998 -3.2515023942437167
leaf_weight=2.3768620993942018 14.453242260962726 7.4907169193029386 1.6806095652282218 71.281854273751378 17.166226273402575 4.6576893664896488 3.52928008697927 44.872275391593575 21.199689229950312 1.2484528198838232 1.5845747329294684 1.7766443975269792 1.6085834410041564 1.6325921490788458 4.7537241987884045 1.3684963602572668 13.6369461864233 0.98435703106224615 1.4165137764066456 1.7766443975269792 2.3288446832448244 9.3153787329792959 17.286269813776016 8.1629607453942281 1.872679229825734 1.2484528198838218 5.5220028571784496 1.824661813676357 2.2568185590207577 1.2244441118091343
leaf_count=99 602 312 70 2969 715 194 147 1869 883 52 66 74 67 68 198 57 568 41 59 74 97 388 720 340 78 52 230 76 94 51
internal_value=-3.73209 -3.71947 -3.74984 -3.75495 -3.72845 -3.68101 -3.6288 -3.73643 -3.72008 -3.67079 -3.59796 -3.54435 -3.73939 -3.65894 -3.70346 -3.68909 -3.72486 -3.68585 -3.65055 -3.70899 -3.73294 -3.74459 -3.69415 -3.68117 -3.66617 -3.63539 -3.6126 -3.5535 -3.5075 -3.41841
internal_weight=271.538 160.114 111.424 107.631 36.3492 9.86758 5.20989 81.4135 36.5413 12.1004 4.60967 3.36122 24.4409 3.24118 78.7005 55.22 23.4805 9.84357 3.79338 8.85921 7.08257 26.4816 53.8515 36.5653 28.4023 13.9491 12.0764 6.55438 4.72972 2.4729
internal_count=11310 6669 4641 4483 1514 411 217 3391 1522 504 192 140 1018 135 3278 2300 978 410 158 369 295 1103 2243 1523 1183 581 503 273 197 103
cat_boundaries=0 2 4 6 7
cat_threshold=2295367430 15 1901307708 16 823937074 9 1610823832
is_linear=0
shrinkage=1


Tree=19
num_leaves=31
num_cat=4
split_feature=33 5 5 21 32 19 14 7 17 33 18 7 25 25 21 18 7 14 16 7 13 21 7 16 14 18 6 30 9 25
split_gain=20.9256 13.2273 12.7963 8.52018 9.22443 8.37576 12.2064 11.6904 7.3554 7.00872 6.23739 5.48895 6.76807 5.28409 5.38648 7.19572 8.14961 4.95959 4.68625 8.33197 4.58128 11.2687 15.9986 6.31121 4.56794 5.3561 6.69779 10.4109 7.60077 4.97035
threshold=0 1 2 10.500000000000002 2.6841837167739873 3.5000000000000004 2.5000000000000004 5.5000000000000009 2.5000000000000004 3 21.500000000000004 17.500000000000004 3.5000000000000004 2.5000000000000004 8.5000000000000018 26.500000000000004 11.500000000000002 5.5000000000000009 7.5000000000000009 9.5000000000000018 1.5000000000000002 8.5000000000000018 12.500000000000002 4.5000000000000009 2.5000000000000004 28.500000000000004 34.500000000000007 2.5000000000000004 1.0000000180025095e-35 2.5000000000000004
decision_type=1 9 9 2 2 2 2 2 2 1 2 2 2 2 2 2 2 2 2 2 2 2 2 2 2 2 2 2 2 2
left_child=1 3 5 4 -1 9 -7 -8 -4 10 -2 -3 -13 14 15 -6 -17 24 -11 -20 21 -12 -23 -22 25 26 29 28 -28 -10
right_child=2 11 8 -5 13 6 7 -9 17 18 20 12 -14 -15 -16 16 -18 -19 19 -21 23 22 -24 -25 -26 -27 27 -29 -30 -31
leaf_value=-3.4534873525127989 -3.6578603807305092 -3.6440037488453854 -3.521784151027592 -3.6480828807020109 -3.6261851820686393 -3.639525313812773 -3.6282064141510837 -3.431214025808222 -3.6052174810790762 -3.650446215070593 -3.6104065316185885 -3.632537625756322 -3.5192237653814402 -3.5782274843309114 -3.6609755083789017 -3.437199982360077 -3.6239618267779501 -3.4884456104015666 -3.6706522878824184 -3.5008687929570792 -3.5269893306379005 -3.3876797963401866 -3.6272193008084943 -3.6337428324638665 -3.6110111879314553 -3.6296957430539374 -3.5150174175341906 -3.4038496529997424 -3.6706522878824184 -3.5685378981287612
leaf_weight=1.1511987186968351 3.9087212309241322 112.57652586326003 3.6945447251200667 8.8615529276430589 5.6221332773566264 3.2126475870609275 1.1779707819223406 2.0882209315896034 18.338863309472799 34.643049813807011 4.1496697999536982 3.9354932941496363 1.9811326786875723 15.688429050147532 5.1670082025229931 1.2850590348243716 1.0708825290203092 1.0976545922458161 1.4189193509519094 1.4724634774029253 1.7401841096580009 1.7669561728835108 1.1511987186968324 6.7733319960534573 29.342181295156479 6.104030415415763 2.248853310942649 1.3118310980498789 1.2047428451478484 18.606583941727877
leaf_count=43 146 4205 138 331 210 120 44 78 685 1294 155 147 74 586 193 48 40 41 53 55 65 66 43 253 1096 228 84 49 45 695
internal_value=-3.61946 -3.63181 -3.60632 -3.60821 -3.59228 -3.62372 -3.57033 -3.50226 -3.59398 -3.63032 -3.60792 -3.63991 -3.5946 -3.59782 -3.6212 -3.59545 -3.52209 -3.59398 -3.64015 -3.58419 -3.58722 -3.55746 -3.48218 -3.61192 -3.59548 -3.58595 -3.57955 -3.52376 -3.56931 -3.58674
internal_weight=302.792 157.339 145.453 38.8463 29.9847 63.5033 6.47884 3.26619 81.9493 57.0245 19.4901 118.493 5.91663 28.8335 13.1451 7.97807 2.35594 78.2547 37.5344 2.89138 15.5813 7.06782 2.91815 8.51352 77.1571 47.8149 41.7109 4.76543 3.4536 36.9454
internal_count=11310 5877 5433 1451 1120 2372 242 122 3061 2130 728 4426 221 1077 491 298 88 2923 1402 108 582 264 109 318 2882 1786 1558 178 129 1380
cat_boundaries=0 2 4 6 8
cat_threshold=2187420180 4 335757328 7 2634685644 17 65 10
is_linear=0
shrinkage=1


Tree=20
num_leaves=31
num_cat=3
split_feature=5 0 7 7 0 18 32 28 23 11 6 21 18 22 22 13 17 32 17 17 7 6 28 19 25 18 7 14 22 18
split_gain=19.0236 22.5361 12.3161 13.8634 12.2149 10.0825 14.7222 22.3041 9.89668 11.3993 8.85639 7.4478 6.79125 6.15066 8.2082 11.7951 14.416 6.14382 9.67193 8.13395 6.43874 5.99795 12.4985 6.8566 6.4815 6.29547 5.95858 5.75723 5.78279 4.60242
threshold=0 1 12.500000000000002 1.0000000180025095e-35 2 18.500000000000004 3.2219280004501347 1.5000000000000002 2.5000000000000004 1.5000000000000002 29.500000000000004 12.500000000000002 18.500000000000004 20.500000000000004 15.500000000000002 1.5000000000000002 12.500000000000002 2.6841837167739873 12.500000000000002 17.500000000000004 1.0000000180025095e-35 32.500000000000007 2.5000000000000004 2.5000000000000004 2.5000000000000004 28.500000000000004 15.500000000000002 4.5000000000000009 19.500000000000004 18.500000000000004
decision_type=9 1 2 2 1 2 2 2 2 2 2 2 2 2 2 2 2 2 2 2 2 2 2 2 2 2 2 2 2 2
left_child=1 2 3 -1 8 -4 10 -8 12 -10 13 21 -2 14 -7 -16 -17 18 -3 20 -19 23 -23 24 -5 -26 -9 -14 -29 -22
right_child=4 17 5 11 -6 6 7 26 9 -11 -12 -13 27 -15 15 16 -18 19 -20 -21 29 22 -24 -25 25 -27 -28 28 -30 -31
leaf_value=-3.4753166782772658 -3.5380025218043274 -3.4615563711615689 -3.4519338636282826 -3.5894739254343464 -3.6643314187746756 -3.6344992336904745 -3.3406581995895026 -3.5066596000407966 -3.4149242192694862 -3.6469191749325978 -3.6947171306219828 -3.5260184634829774 -3.6462515366482662 -3.6947171306219828 -3.6230201970879055 -3.3592928801701598 -3.5844141559541716 -3.5689330367025489 -3.6599549810297027 -3.5247688437263922 -3.5805727588264369 -3.6430436650118372 -3.4762121903276522 -3.673935410757033 -3.6612585616394133 -3.5619450314848025 -3.6392992109821161 -3.6491952680606636 -3.4913215744969412 -3.662823093462249
leaf_weight=1.5952565371990193 1.5952565371990193 1.0722216069698327 1.6475600302219415 8.551621109247213 116.68909293413162 3.3212718069553393 1.4121943116188038 1.5952565371990206 1.0722216069698327 1.0460698604583738 2.5105676651000968 1.7783187627792347 50.551326006650925 1.202980339527129 2.092139720916748 1.4906495511531832 1.359890818595886 1.9875327348709095 1.4383460581302641 1.1768285930156697 1.7521670162677754 2.902843862771987 1.8306222558021543 9.6238427162170392 10.460698604583738 1.8829257488250721 1.804470509290695 1.0983733534812921 1.2291320860385893 58.00457376241684
leaf_count=61 61 41 63 327 4462 127 54 61 41 40 96 68 1933 46 80 57 52 76 55 45 67 111 70 368 400 72 69 42 47 2218
internal_value=-3.64502 -3.63057 -3.60973 -3.61964 -3.65544 -3.56997 -3.58155 -3.50768 -3.63691 -3.52949 -3.61123 -3.62586 -3.63965 -3.58909 -3.57371 -3.53286 -3.46669 -3.65098 -3.57522 -3.65498 -3.65747 -3.63089 -3.57852 -3.63901 -3.62293 -3.64611 -3.57706 -3.64271 -3.56582 -3.66041
internal_weight=295.776 122.495 57.0631 38.6261 173.281 18.437 16.7894 4.81192 56.5924 2.11829 11.9775 37.0309 54.4741 9.46693 8.26395 4.94268 2.85054 65.4317 2.51057 62.9211 61.7443 35.2526 4.73347 30.5191 20.8952 12.3436 3.39973 52.8788 2.32751 59.7567
internal_count=11310 4684 2182 1477 6626 705 642 184 2164 81 458 1416 2083 362 316 189 109 2502 96 2406 2361 1348 181 1167 799 472 130 2022 89 2285
cat_boundaries=0 2 4 6
cat_threshold=2361923755 2 4028576021 25 1183655056 1
is_linear=0
shrinkage=1


Tree=21
num_leaves=31
num_cat=2
split_feature=33 31 30 18 24 22 25 1 15 31 17 14 32 21 22 26 31 15 6 23 34 31 25 19 25 27 31 31 17 30
split_gain=13.9231 13.3253 11.7034 9.75148 11.9719 8.34548 7.67586 13.521 7.16128 15.5081 10.5027 6.45725 15.063 5.62621 7.54373 7.60415 9.88979 6.78948 10.5516 6.15527 12.9408 10.186 8.88222 9.27199 7.50278 11.7392 8.76304 6.97622 6.21677 6.19517
threshold=0 11.500000000000002 1.5000000000000002 31.500000000000004 1.5000000000000002 22.500000000000004 5.5000000000000009 1 2.5000000000000004 8.5000000000000018 13.500000000000002 4.5000000000000009 3.0219280719757085 11.500000000000002 16.500000000000004 2.5000000000000004 59.500000000000007 4.5000000000000009 17.500000000000004 1.5000000000000002 0.049122875556349761 6.5000000000000009 3.5000000000000004 2.5000000000000004 2.5000000000000004 1.5000000000000002 58.500000000000007 15.500000000000002 13.500000000000002 1.5000000000000002
decision_type=1 2 2 2 2 2 2 1 2 2 2 2 2 2 2 2 2 2 2 2 2 2 2 2 2 2 2 2 2 2
left_child=3 2 5 13 -5 6 8 -8 -2 -10 -11 -4 -13 14 15 16 -1 19 -19 20 21 -16 23 24 25 26 29 -22 -25 -23
right_child=1 -3 11 4 -6 -7 7 -9 9 10 -12 12 -14 -15 17 -17 -18 18 -20 -21 27 22 -24 28 -26 -27 -28 -29 -30 -31
leaf_value=-3.437199982360077 -3.6277185305449762 -3.6369465579685705 -3.6401023678576845 -3.4038496529997424 -3.6261851820686393 -3.4534873525127985 -3.3924963493877138 -3.6282064141510837 -3.6028337410267661 -3.365734990873646 -3.5629050699490299 -3.6470115480826877 -3.4270498821199751 -3.6403899519813741 -3.4100543654388757 -3.6249316583142446 -3.6172917609058834 -3.6239618267779501 -3.4143125014265143 -3.6243093984487031 -3.5493783629357476 -3.6360667611383679 -3.6309157252403179 -3.6384519698793367 -3.5837863137345707 -3.3386312311395328 -3.3973422716611408 -3.6550888008475959 -3.5046417595109758 -3.4875524404139155
leaf_weight=1.2850590348243707 11.645847503095874 155.75986384600401 24.549981977790598 1.3118310980498784 1.1244266554713247 1.1511987186968315 1.2582869715988636 1.1779707819223395 9.5843986347317678 1.3118310980498784 1.3921472877264021 2.1149929948151107 1.2315149083733556 11.56553131341934 1.1511987186968387 36.088741227984428 1.8740444257855413 1.0708825290203088 1.3653752245008943 10.789141479879616 2.0614488683640939 1.4456914141774166 3.7748609147965899 3.1055593341588974 2.3023974373936653 1.2047428451478479 1.097654592245817 6.4252951741218567 1.2047428451478479 1.3653752245008943
leaf_count=48 435 5818 917 49 42 43 47 44 358 49 52 79 46 432 43 1348 70 40 51 403 77 54 141 116 86 45 41 240 45 51
internal_value=-3.6221 -3.62906 -3.6084 -3.60669 -3.50647 -3.58527 -3.59102 -3.50647 -3.59962 -3.573 -3.46725 -3.63122 -3.56607 -3.60786 -3.60301 -3.61842 -3.54403 -3.58724 -3.50647 -3.59272 -3.57916 -3.55355 -3.56421 -3.54273 -3.50884 -3.47509 -3.51715 -3.62941 -3.60105 -3.56393
internal_weight=302.792 211.178 55.4182 91.614 2.43626 27.5217 26.3705 2.43626 23.9342 12.2884 2.70398 27.8965 3.34651 89.1777 77.6122 39.2478 3.1591 38.3644 2.43626 35.9281 25.139 16.6522 15.501 11.7262 7.41586 5.11346 3.90872 8.48674 4.3103 2.81107
internal_count=11310 7888 2070 3422 91 1028 985 91 894 459 101 1042 125 3331 2899 1466 118 1433 91 1342 939 622 579 438 277 191 146 317 161 105
cat_boundaries=0 1 2
cat_threshold=438896708 2
is_linear=0
shrinkage=1


Tree=22
num_leaves=31
num_cat=3
split_feature=28 0 15 31 0 22 21 19 21 22 18 17 9 0 7 31 20 21 31 7 25 31 18 18 18 34 34 17 25 6
split_gain=21.2613 20.0432 11.7671 14.7365 11.859 11.4822 15.1381 30.5627 7.01495 11.8152 17.3328 15.1008 6.70876 7.74851 8.57934 20.3986 7.6471 13.4072 14.9693 17.2868 13.8072 8.63808 7.26967 16.6528 7.03048 6.61831 5.92791 7.504 5.82526 5.68914
threshold=5.5000000000000009 0 2.5000000000000004 2.5000000000000004 1 19.500000000000004 11.500000000000002 2.5000000000000004 8.5000000000000018 15.500000000000002 25.500000000000004 10.500000000000002 1.0000000180025095e-35 2 14.500000000000002 13.500000000000002 2.5000000000000004 9.5000000000000018 37.500000000000007 16.500000000000004 1.5000000000000002 79.500000000000014 24.500000000000004 22.500000000000004 24.500000000000004 0.048550179228186614 0.0471158865839243 10.500000000000002 4.5000000000000009 21.500000000000004
decision_type=2 1 2 2 1 2 2 2 2 2 2 2 2 1 2 2 2 2 2 2 2 2 2 2 2 2 2 2 2 2
left_child=1 -1 3 -3 -5 8 7 -7 9 26 11 -11 16 14 -14 -16 -4 18 19 22 -20 24 23 -18 -22 -17 27 -6 -19 -8
right_child=-2 2 12 4 5 6 29 -9 -10 10 -12 -13 13 -15 15 25 17 28 20 -21 21 -23 -24 -25 -26 -27 -28 -29 -30 -31
leaf_value=-3.6159319038561195 -3.3838511414776451 -3.3963384660597491 -3.6311602034176427 -3.6062204192883027 -3.6177135991780247 -3.5518028061195972 -3.6523286199928826 -3.2613491225922773 -3.5945046740471462 -3.5164326123493672 -3.5975645572111676 -3.2919615282953467 -3.5967347986841718 -3.6187813338522892 -3.3312743019350779 -3.5133440667211056 -3.6523286199928826 -3.621815587091636 -3.3656729788698425 -3.4230041070944504 -3.5605988148335097 -3.6222532740389899 -3.636513136344715 -3.4456135661126059 -3.4197741843775713 -3.6523286199928826 -3.6163561473813637 -3.4711339431348622 -3.541140977375461 -3.505560931737886
leaf_weight=138.3683325946331 1.1174121797084797 1.1719200909137715 7.0860284566879264 26.872400224208832 1.4444596469402369 1.9895387589931481 1.2809359133243563 1.6624912917613981 9.5116305053234083 1.4717136025428774 1.8260150253772733 1.5262215137481687 17.98761069774628 48.130485594272614 1.0901582241058339 1.7987610697746279 1.9622848033905047 13.109152644872664 1.7442531585693348 1.5262215137481678 1.6352373361587527 1.6624912917613981 6.3229176998138428 1.9350308477878571 1.9350308477878568 1.6352373361587522 4.1698552072048187 2.2075704038143158 2.6981416046619406 1.3626977801322935
leaf_count=5077 41 43 260 986 53 73 47 61 349 54 67 56 660 1766 40 66 72 481 64 56 60 61 232 71 71 60 153 81 99 50
internal_value=-3.60156 -3.60235 -3.59107 -3.57179 -3.57551 -3.56001 -3.48555 -3.41958 -3.56207 -3.53767 -3.47612 -3.40216 -3.59977 -3.60915 -3.58773 -3.51971 -3.58385 -3.57414 -3.54551 -3.57997 -3.4875 -3.52811 -3.60341 -3.54969 -3.48427 -3.57953 -3.57562 -3.52911 -3.60805 -3.57668
internal_weight=308.242 307.125 168.756 56.4974 55.3255 28.4531 6.29566 3.65203 22.1575 12.6458 4.82395 2.99794 112.259 70.6423 22.5118 4.52416 41.6168 34.5308 18.7235 11.7465 6.97701 5.23276 10.2202 3.89732 3.57027 3.434 7.82189 3.65203 15.8073 2.64363
internal_count=11310 11269 6192 2073 2030 1044 231 134 813 464 177 110 4119 2592 826 166 1527 1267 687 431 256 192 375 143 131 126 287 134 580 97
cat_boundaries=0 2 4 6
cat_threshold=3761804647 9 331622408 4 176171008 4
is_linear=0
shrinkage=1


Tree=23
num_leaves=31
num_cat=3
split_feature=0 5 7 5 14 9 27 22 28 32 10 22 32 16 34 14 34 28 34 17 7 30 34 6 17 14 18 18 20 20
split_gain=23.7178 25.6649 11.0476 10.2681 8.83318 10.5786 15.6695 11.1237 9.50605 8.52855 10.8194 8.24933 7.46044 7.39192 9.3927 10.4552 7.26047 7.1701 6.34072 8.9076 9.27348 11.0645 7.01437 9.8407 13.2949 11.3167 6.89856 9.40113 6.238 6.05528
threshold=0 1 1.0000000180025095e-35 2 3.5000000000000004 1.0000000180025095e-35 2.5000000000000004 22.500000000000004 1.5000000000000002 2.8841837644577031 1.0000000180025095e-35 13.500000000000002 2.6841837167739873 4.5000000000000009 0.0471158865839243 1.5000000000000002 0.045249795541167266 3.5000000000000004 0.045729694887995727 10.500000000000002 13.500000000000002 2.5000000000000004 0.039044288918375976 13.500000000000002 11.500000000000002 2.5000000000000004 26.500000000000004 23.500000000000004 3.5000000000000004 4.5000000000000009
decision_type=1 9 2 9 2 2 2 2 2 2 2 2 2 2 2 2 2 2 2 2 2 2 2 2 2 2 2 2 2 2
left_child=1 13 16 12 5 9 7 11 -6 10 28 -7 -2 14 -1 -16 -3 18 22 -20 -21 -22 -13 26 -25 29 27 -24 -4 -26
right_child=3 2 4 -5 8 6 -8 -9 -10 -11 -12 17 -14 -15 15 -17 -18 -19 19 20 21 -23 23 24 25 -27 -28 -29 -30 -31
leaf_value=-3.6199758354065334 -3.4846257819231337 -3.5693797242807799 -3.5065999725856529 -3.6267706205289878 -3.5219686685851617 -3.6186845820511961 -3.4160634532650795 -3.409693791763944 -3.6353593791485834 -3.5951723284193311 -3.3857687217352894 -3.6202231226057155 -3.5996635480170855 -3.6286665363554742 -3.4476874769150827 -3.5827987102065646 -3.4055373177335424 -3.6549257595576563 -3.4578643568662804 -3.6188622348821102 -3.6166082645898885 -3.416505790869325 -3.6140537649253708 -3.5892386253271975 -3.4184520763280051 -3.3012258060090329 -3.6549257595576563 -3.4201291946487831 -3.6549257595576563 -3.5652067469502007
leaf_weight=11.444946367293598 1.46799787133932 1.1689612679183476 1.6854790374636643 119.64182651415467 2.2563670985400668 5.518584590405232 2.0932562239468089 1.2233315594494332 10.22161480784416 34.307653956115246 1.1145909763872621 1.4408127255737841 35.286319203674793 45.698230031877756 1.9301453493535508 5.5457697361707687 1.6039236001670358 1.549553308635949 1.522368162870406 6.9322121702134591 1.3048869967460635 1.4679978713393209 1.2233315594494332 1.5223681628704069 1.9029602035880091 1.4136275798082349 1.359257288277149 1.27770185098052 1.2233315594494341 1.1145909763872621
leaf_count=421 54 43 62 4401 83 203 77 45 376 1262 41 53 1298 1681 71 204 59 57 56 255 48 54 45 56 70 52 50 47 45 41
internal_value=-3.60663 -3.59284 -3.57613 -3.61977 -3.57605 -3.56925 -3.54844 -3.55744 -3.61486 -3.5871 -3.51823 -3.56356 -3.59718 -3.61606 -3.5915 -3.54792 -3.47461 -3.5509 -3.54373 -3.57031 -3.58795 -3.51067 -3.5172 -3.50208 -3.46176 -3.41797 -3.56426 -3.51498 -3.56898 -3.47266
internal_weight=307.464 151.068 86.4488 156.396 83.6759 71.1979 32.8668 30.7736 12.478 38.3311 4.0234 29.5503 36.7543 64.6191 18.9209 7.47592 2.77288 24.0317 22.4821 11.2275 9.7051 2.77288 11.2547 9.81384 5.95355 4.43118 3.86029 2.50103 2.90881 3.01755
internal_count=11310 5557 3180 5753 3078 2619 1209 1132 459 1410 148 1087 1352 2377 696 275 102 884 827 413 357 102 414 361 219 163 142 92 107 111
cat_boundaries=0 2 4 6
cat_threshold=2189197090 3 649196637 2 3825799176 19
is_linear=0
shrinkage=1


Tree=24
num_leaves=31
num_cat=5
split_feature=0 5 5 31 7 31 21 25 20 23 31 34 0 14 23 31 22 7 6 7 7 7 31 34 31 22 26 5 18 31
split_gain=20.7063 20.4685 19.9928 14.585 22.0565 12.7114 19.1673 30.4509 15.6595 13.6741 10.7834 9.19917 5.56842 11.5303 16.5117 6.72853 12.0912 5.52312 7.16846 5.17616 7.61429 7.74873 7.56918 7.19505 9.51054 6.2777 6.64831 5.94053 6.20042 8.80575
threshold=0 1 2 98.500000000000014 7.5000000000000009 9.5000000000000018 8.5000000000000018 3.5000000000000004 5.5000000000000009 1.5000000000000002 106.50000000000001 0.047449652105569846 3 4.5000000000000009 1.5000000000000002 2.5000000000000004 16.500000000000004 3.5000000000000004 17.500000000000004 12.500000000000002 14.500000000000002 13.500000000000002 19.500000000000004 0.046546151861548431 27.500000000000004 17.500000000000004 2.5000000000000004 4 23.500000000000004 39.500000000000007
decision_type=1 9 9 2 2 2 2 2 2 2 2 2 1 2 2 2 2 2 2 2 2 2 2 2 2 2 2 9 2 2
left_child=2 3 5 -2 -5 6 7 -1 10 -8 17 -10 13 15 -15 16 -3 18 -7 25 21 22 -21 -23 -25 27 -27 -4 -29 -30
right_child=1 12 19 4 -6 8 9 -9 11 -11 -12 -13 -14 14 -16 -17 -18 -19 -20 20 -22 23 -24 24 -26 26 -28 28 29 -31
leaf_value=-3.4828810199909346 -3.5202021607420559 -3.3586991689635624 -3.548524449813097 -3.582226500812832 -3.3090264285526136 -3.5150222049627247 -3.3894341770928369 -3.2014021576622249 -3.3302103913749299 -3.5382852304493002 -3.3976731652859993 -3.4904206323747391 -3.56043741850812 -3.3329596580233436 -3.554132901727951 -3.5473477448254966 -3.5554497891850549 -3.531104166810124 -3.3806136132625104 -3.4332082795799859 -3.5342905695071609 -3.3498591049921225 -3.582226500812832 -3.3874867798835444 -3.582226500812832 -3.4698521044733086 -3.5704565176797431 -3.5386048033246715 -3.4476790572616878 -3.542372790483117
leaf_weight=2.0131766796112047 43.531298637390137 1.34211778640747 13.77129554748535 1.1670589447021478 2.0131766796112061 2.9760003089904847 2.3341178894042969 1.8381178379058836 1.9840002059936517 4.5515298843383789 1.8964707851409901 1.6338825225830076 88.725656270980835 1.6047060489654534 1.7797648906707761 64.509183168411255 1.8672943115234373 22.495061159133911 1.488000154495239 1.3421177864074736 16.688942909240723 1.7214119434356687 2.3341178894042969 1.2837648391723635 1.2254118919372556 1.7797648906707788 21.240472793579102 8.0235302448272723 7.0607066154479963 3.7637650966644287
leaf_count=69 1492 46 472 40 69 102 80 63 68 156 65 56 3041 55 61 2211 64 771 51 46 572 59 80 44 42 61 728 275 242 129
internal_value=-3.53374 -3.5432 -3.51815 -3.51608 -3.40928 -3.49388 -3.43787 -3.34854 -3.50062 -3.48783 -3.51292 -3.40256 -3.5516 -3.53844 -3.44927 -3.54383 -3.47317 -3.52102 -3.47022 -3.53401 -3.51514 -3.47472 -3.52782 -3.42858 -3.48259 -3.54269 -3.56268 -3.52858 -3.51459 -3.4806
internal_weight=329.986 206.54 123.446 46.7115 3.18024 43.2104 10.7369 3.85129 32.4734 6.88565 28.8555 3.61788 159.829 71.1031 3.38447 67.7186 3.20941 26.9591 4.464 80.2353 24.5958 7.90682 3.67624 4.23059 2.50918 55.6395 23.0202 32.6193 18.848 10.8245
internal_count=11310 7079 4231 1601 109 1481 368 132 1113 236 989 124 5478 2437 116 2321 110 924 153 2750 843 271 126 145 86 1907 789 1118 646 371
cat_boundaries=0 2 4 6 8 10
cat_threshold=3901892033 16 26378816 22 3221467350 16 268982826 4 48236064 15
is_linear=0
shrinkage=1


Tree=25
num_leaves=31
num_cat=4
split_feature=0 24 17 32 4 15 34 26 22 19 4 22 34 18 18 1 7 14 18 32 22 27 31 34 31 7 31 7 19 31
split_gain=23.4735 10.372 11.3016 11.1633 40.321 9.44556 8.13638 16.9315 7.95413 7.50915 11.4662 5.82155 6.98553 6.26672 10.0257 6.17503 6.09544 5.7897 5.38878 4.96026 19.0806 6.67346 8.15585 9.86471 4.56639 12.6074 9.90244 9.92747 5.61939 7.56171
threshold=0 2.5000000000000004 11.500000000000002 2.8841837644577031 1 3.5000000000000004 0.05043883994221688 7.5000000000000009 18.500000000000004 2.5000000000000004 2 13.500000000000002 0.05043883994221688 19.500000000000004 20.500000000000004 3 8.5000000000000018 2.5000000000000004 32.500000000000007 3.0219280719757085 20.500000000000004 2.5000000000000004 8.5000000000000018 0.045729694887995727 35.500000000000007 1.5000000000000002 40.500000000000007 13.500000000000002 1.5000000000000002 84.500000000000014
decision_type=1 2 2 2 1 2 2 2 2 2 1 2 2 2 2 1 2 2 2 2 2 2 2 2 2 2 2 2 2 2
left_child=1 2 3 4 -1 8 19 17 11 10 -7 -5 13 -13 -15 -16 -14 -8 -2 -3 21 22 -21 -24 -4 -26 27 -27 -28 -30
right_child=18 6 24 5 -6 9 7 -9 -10 -11 -12 12 16 14 15 -17 -18 -19 -20 20 -22 -23 23 -25 25 26 28 -29 29 -31
leaf_value=-3.2919615282953467 -3.6176972636325719 -3.5982107408428101 -3.6150890573013164 -3.6203298507512409 -3.628808157131505 -3.5605988148335097 -3.3902434623946744 -3.6523286199928826 -3.6296792853856301 -3.5890666854002116 -3.3312743019350779 -3.6523286199928826 -3.5605988148335097 -3.4276841991944185 -3.5316315079410763 -3.6172726434988549 -3.3963384660597491 -3.5189034488519768 -3.5390819469566197 -3.46065440025688 -3.360461058122151 -3.6523286199928826 -3.6523286199928826 -3.4688690096741372 -3.4230041070944512 -3.5758871156934053 -3.5641268842627163 -3.4021564241036844 -3.6441929388257543 -3.5783529706708079
leaf_weight=1.5262215137481689 173.25339576601982 9.2390909492969548 45.650375634431839 4.6876803636551001 2.1258085370063773 1.090158224105835 2.0985545814037319 1.3354438245296476 8.8302816152572614 1.5807294249534605 1.0901582241058345 1.9895387589931477 1.0901582241058343 1.3354438245296467 4.1426012516021675 4.2788710296154058 1.1719200909137724 1.4989675581455228 2.2075704038143149 1.8260150253772733 1.1991740465164182 2.0440466701984406 2.2348243594169621 1.0901582241058347 1.0901582241058374 2.616379737854007 5.6688227653503445 1.1991740465164182 12.291533976793291 6.7589809894561759
leaf_count=56 6357 339 1675 172 78 40 77 49 324 58 40 73 40 49 152 157 43 55 81 67 44 75 82 40 40 96 208 44 451 248
internal_value=-3.60431 -3.58894 -3.59426 -3.57076 -3.48804 -3.58042 -3.55705 -3.50029 -3.59057 -3.50609 -3.44594 -3.5721 -3.55596 -3.57145 -3.55496 -3.57514 -3.4755 -3.44385 -3.61593 -3.57293 -3.54511 -3.57589 -3.54555 -3.59218 -3.60517 -3.58988 -3.59626 -3.52129 -3.60783 -3.62083
internal_weight=308.242 132.781 110.215 34.9396 3.65203 31.2875 22.5663 4.93297 27.5265 3.76105 2.18032 18.6962 14.0085 11.7465 9.75692 8.42147 2.26208 3.59752 175.461 17.6333 8.39422 7.19504 5.151 3.32498 75.2754 29.625 28.5349 3.81555 24.7193 19.0505
internal_count=11310 4872 4044 1282 134 1148 828 181 1010 138 80 686 514 431 358 309 83 132 6438 647 308 264 189 122 2762 1087 1047 140 907 699
cat_boundaries=0 2 3 4 5
cat_threshold=2227510594 29 2 2 1
is_linear=0
shrinkage=1


Tree=26
num_leaves=31
num_cat=2
split_feature=0 21 22 31 7 18 18 22 18 31 31 17 18 26 23 9 17 15 16 16 26 7 34 7 18 32 6 26 21 0
split_gain=28.163 16.1177 14.9853 19.8272 13.3147 12.4423 14.3585 8.94362 8.97454 8.6469 7.72006 7.12962 9.2204 8.8081 13.1952 10.563 17.3307 13.9882 6.93428 5.78443 5.49082 5.28187 7.3136 5.87111 7.34049 5.68027 5.16431 7.7072 12.6861 4.88216
threshold=0 9.5000000000000018 15.500000000000002 49.500000000000007 5.5000000000000009 26.500000000000004 20.500000000000004 25.500000000000004 32.500000000000007 91.500000000000014 23.500000000000004 15.500000000000002 28.500000000000004 5.5000000000000009 1.5000000000000002 1.0000000180025095e-35 12.500000000000002 3.5000000000000004 4.5000000000000009 3.5000000000000004 3.5000000000000004 13.500000000000002 0.039044288918375976 12.500000000000002 29.500000000000004 3.2219280004501347 18.500000000000004 4.5000000000000009 6.5000000000000009 1
decision_type=1 2 2 2 2 2 2 2 2 2 2 2 2 2 2 2 2 2 2 2 2 2 2 2 2 2 2 2 2 1
left_child=1 2 19 4 -4 6 -5 8 29 20 -10 12 13 14 15 16 -6 -17 -15 -1 -8 22 -21 24 26 -23 27 28 -24 -2
right_child=7 -3 3 5 11 -7 9 -9 10 -11 -12 -13 -14 18 -16 17 -18 -19 -20 21 -22 25 23 -25 -26 -27 -28 -29 -30 -31
leaf_value=-3.7305358733350182 -3.703479211984297 -3.6832255800109297 -3.6994791816746182 -3.4225570143693842 -3.5849576311768931 -3.4322001880356274 -3.7305358733350182 -3.5734038024341848 -3.494837766983768 -3.518407577618893 -3.6844925223268672 -3.7041376854236785 -3.4785531705449539 -3.5782386353849795 -3.7305358733350182 -3.7305358733350182 -3.3423272275800175 -3.4830528616662053 -3.7024526947059333 -3.714307479127227 -3.5985449337783182 -3.7210172959631409 -3.4292522069555931 -3.5243000302776744 -3.5199120336168797 -3.6174007822864183 -3.6795834885796745 -3.6691447386574834 -3.6431889280401433 -3.6858128760134257
leaf_weight=3.0810195840895203 67.58039677888155 34.8761315215379 6.4398360159248176 1.1364416498690832 1.7172896042466148 1.8435608986765144 1.6415268275886776 1.591018309816717 1.0606788732111447 1.4142384976148603 1.0859331320971248 1.8940694164484728 1.3889842387288798 1.6415268275886772 1.1364416498690841 1.3132214620709421 1.2879672031849621 1.0101703554391859 3.560850502923131 3.0810195840895238 1.5152555331587789 5.2528858482837668 1.1616959087550589 1.212204426527024 1.1869501676410443 1.7677981220185754 6.8691584169864655 3.2577993962913752 1.7172896042466161 121.90230764262378
leaf_count=122 2676 1381 255 45 68 73 65 63 42 56 43 75 55 65 45 52 51 40 141 122 60 208 46 48 47 70 272 129 68 4827
internal_value=-3.68012 -3.65877 -3.64015 -3.61478 -3.63937 -3.54513 -3.58161 -3.69093 -3.69244 -3.62115 -3.59078 -3.61348 -3.60033 -3.61483 -3.57586 -3.54287 -3.48097 -3.62293 -3.66326 -3.66582 -3.66718 -3.65801 -3.64398 -3.62992 -3.63894 -3.69493 -3.6498 -3.61647 -3.55686 -3.69359
internal_weight=285.626 92.4053 57.5292 28.9414 21.3904 7.55102 5.70746 193.22 191.629 4.57102 2.14661 14.9505 13.0565 11.6675 6.46509 5.32865 3.00526 2.32339 5.20238 28.5878 3.15678 25.5068 18.4861 15.4051 14.1929 7.02068 13.0059 6.13678 2.87899 189.483
internal_count=11310 3659 2278 1146 847 299 226 7651 7588 181 85 592 517 462 256 211 119 92 206 1132 125 1010 732 610 562 278 515 243 114 7503
cat_boundaries=0 2 4
cat_threshold=2687617120 5 25952395 2
is_linear=0
shrinkage=1


Tree=27
num_leaves=31
num_cat=4
split_feature=0 5 17 16 27 10 15 6 22 24 7 5 7 24 34 27 34 9 32 6 7 26 34 32 0 24 7 23 17 16
split_gain=30.7953 22.3632 14.0338 20.0132 21.5347 14.4534 22.2429 12.6069 24.1459 13.0984 10.9593 10.3313 8.98197 9.29659 10.7292 8.71898 7.66091 11.4131 7.06876 7.63098 17.036 9.00747 9.72859 6.01488 5.84065 5.83934 5.76635 5.43392 4.98456 4.6312
threshold=0 1 15.500000000000002 6.5000000000000009 1.5000000000000002 1.0000000180025095e-35 1.5000000000000002 9.5000000000000018 16.500000000000004 1.5000000000000002 6.5000000000000009 2 15.500000000000002 1.5000000000000002 0.0471158865839243 1.5000000000000002 0.051836926490068443 1.0000000180025095e-35 3.0219280719757085 32.500000000000007 5.5000000000000009 6.5000000000000009 0.044525472447276122 2.7841837406158452 3 1.5000000000000002 3.5000000000000004 1.5000000000000002 11.500000000000002 5.5000000000000009
decision_type=1 9 2 2 2 2 2 2 2 2 2 9 2 2 2 2 2 2 2 2 2 2 2 2 1 2 2 2 2 2
left_child=1 2 5 -4 -5 12 -7 28 -9 -10 -11 15 23 29 -15 26 -3 -18 25 21 -21 24 -23 -1 27 -17 -2 -20 -8 -14
right_child=11 16 3 4 -6 6 7 8 9 10 -12 -13 13 14 -16 18 17 -19 19 20 -22 22 -24 -25 -26 -27 -28 -29 -30 -31
leaf_value=-3.5049170887126411 -3.5270637096736928 -3.6065244621206825 -3.5991182088568343 -3.2922194160397513 -3.533068251272288 -3.3075488400692392 -3.5254624985807341 -3.5991182088568343 -3.5085180368881588 -3.2322953039244791 -3.4443344698708271 -3.6160411666034289 -3.5190576542088996 -3.5376317028872202 -3.3277129286003357 -3.5301429617755367 -3.4524472727418178 -3.6214449550825965 -3.5807770636102165 -3.6065905272906416 -3.3491332116908339 -3.5863085201131648 -3.4221076126900307 -3.5926375089646325 -3.6153454404902936 -3.6228969915329983 -3.6128260421710432 -3.4890507061676264 -3.6216247424012185 -3.647154541645595
leaf_weight=2.1091491449624327 2.0817575976252547 50.455230195075274 2.0817575976252547 1.9721914082765581 1.7530590295791624 1.1778365354984988 2.0543660502880794 3.1226363964378834 2.1639322396367788 1.2052280828356745 1.2326196301728485 136.24555645510554 1.561318198218941 1.369577366858721 1.0956618934869764 2.1365406922996071 2.0543660502880803 1.9447998609393837 3.0130702070891857 1.232619630172848 1.3421858195215461 1.6434928402304643 1.9995829556137321 26.597192464396358 5.7248333934694546 8.2448557484894973 33.49986239336431 3.4787265118211508 3.9169912692159414 1.2874027248471973
leaf_count=77 76 1842 76 72 64 43 75 114 79 44 45 4974 57 50 40 78 75 71 110 45 49 60 73 971 209 301 1223 127 143 47
internal_value=-3.59696 -3.57666 -3.55596 -3.47495 -3.40556 -3.55716 -3.51605 -3.53398 -3.4918 -3.41898 -3.33951 -3.60846 -3.57514 -3.51543 -3.44433 -3.59204 -3.60061 -3.53463 -3.57081 -3.55222 -3.47238 -3.56519 -3.49618 -3.58619 -3.58576 -3.60381 -3.60781 -3.57135 -3.58854 -3.57695
internal_weight=309.798 109.155 54.7009 5.80701 3.72525 48.8939 14.8736 13.6958 7.72442 4.60178 2.43785 200.643 34.0203 5.31396 2.46524 64.3975 54.4544 3.99917 28.8159 18.4345 2.57481 15.8597 3.64308 28.7063 12.2166 10.3814 35.5816 6.4918 5.97136 2.84872
internal_count=11310 3985 1997 212 136 1785 543 500 282 168 89 7325 1242 194 90 2351 1988 146 1052 673 94 579 133 1048 446 379 1299 237 218 104
cat_boundaries=0 2 4 5 7
cat_threshold=579486325 2 2317885886 14 2853372942 1091938560 4
is_linear=0
shrinkage=1


Tree=28
num_leaves=31
num_cat=7
split_feature=0 5 0 28 5 0 25 7 22 19 19 20 22 28 7 25 13 26 25 34 19 0 34 4 10 20 20 28 14 7
split_gain=25.6899 22.526 9.80828 13.6976 8.61469 8.9837 11.5974 13.6526 18.8958 12.5322 8.49261 7.92292 9.57553 20.4668 25.891 8.80184 9.06783 11.2058 16.9564 46.0442 9.44608 9.04477 8.26953 8.07274 7.61152 8.857 7.4447 7.29503 8.06686 7.08318
threshold=0 1 2 2.5000000000000004 3 4 3.5000000000000004 7.5000000000000009 15.500000000000002 2.5000000000000004 3.5000000000000004 2.5000000000000004 13.500000000000002 2.5000000000000004 5.5000000000000009 3.5000000000000004 2.5000000000000004 4.5000000000000009 4.5000000000000009 0.046256404370069511 2.5000000000000004 5 0.046256404370069511 6 1.0000000180025095e-35 3.5000000000000004 5.5000000000000009 3.5000000000000004 2.5000000000000004 4.5000000000000009
decision_type=1 9 1 2 9 1 2 2 2 2 2 2 2 2 2 2 2 2 2 2 2 1 2 1 2 2 2 2 2 2
left_child=4 2 3 10 5 -1 29 8 -8 -10 -2 -3 13 14 -13 21 17 -17 20 -20 22 -14 -19 -16 25 -5 -12 28 -27 -7
right_child=1 11 -4 24 -6 6 7 -9 9 -11 26 12 15 -15 23 16 -18 18 19 -21 -22 -23 -24 -25 -26 27 -28 -29 -30 -31
leaf_value=-3.6073208643684747 -3.6102287354270661 -3.5918342446583118 -3.6128411500588435 -3.5747382826880481 -3.6133967679289678 -3.6420071765275646 -3.3056627073299834 -3.5834181399576632 -3.4240559604875322 -3.6420071765275646 -3.5977081488771514 -3.2471680170347517 -3.6025643919201285 -3.6083727296078063 -3.4108467958790452 -3.3656197648825961 -3.5740518654039715 -3.4373581473819939 -3.5707812889327823 -3.2447002722879219 -3.6179507509160818 -3.5599660110247457 -3.5861222493378127 -3.5538392088738298 -3.5869689906588693 -3.4189576864281159 -3.4149746598191975 -3.3729316011694999 -3.5693567711808871 -3.5656599585194408
leaf_weight=21.72045692615211 20.454118499532346 14.948299253359435 39.724485861137509 2.9731423929333669 98.361460832878947 4.0192480497062268 1.4865711964666832 3.4136079326272011 1.3764548115432265 1.2663384266197679 1.1286929454654449 1.2663384266197661 16.627574123442173 2.9731423929333687 1.5141002926975491 1.2663384266197706 8.0935542918741685 1.9545658323913797 2.8079678155481815 1.7618621587753294 4.1568935308605433 30.226947661489248 1.7893912550061939 2.8354969117790456 4.5423008780926457 1.5691584851592781 1.1011638492345808 1.4865711964666841 2.0646822173148394 12.443151496350763
leaf_count=789 743 543 1443 108 3573 146 54 124 50 46 41 46 604 108 55 46 294 71 102 64 151 1098 65 103 165 57 40 54 75 452
internal_value=-3.5903 -3.57741 -3.59791 -3.58022 -3.60534 -3.58727 -3.56995 -3.50943 -3.44827 -3.52849 -3.60013 -3.56179 -3.55207 -3.50229 -3.44614 -3.55829 -3.53207 -3.50733 -3.52173 -3.44506 -3.56607 -3.57051 -3.50846 -3.50406 -3.53517 -3.5061 -3.50747 -3.46624 -3.50441 -3.5843
internal_weight=311.354 167.267 75.0443 35.3198 144.087 45.7258 24.0054 7.54297 4.12936 2.64279 22.684 92.2225 77.2742 8.58908 5.61594 68.6851 21.8306 13.737 12.4707 4.56983 7.90085 46.8545 3.74396 4.3496 12.6359 8.09355 2.22986 5.12041 3.63384 16.4624
internal_count=11310 6076 2726 1283 5234 1661 872 274 150 96 824 3350 2807 312 204 2495 793 499 453 166 287 1702 136 158 459 294 81 186 132 598
cat_boundaries=0 2 4 6 8 10 12 13
cat_threshold=294460951 19 2257257442 21 3321930112 4 1613769160 10 294125590 2 3223478272 4 1
is_linear=0
shrinkage=1


Tree=29
num_leaves=31
num_cat=6
split_feature=5 0 20 16 31 16 34 19 31 19 27 31 0 31 26 26 16 18 0 5 31 31 18 9 25 5 19 30 24 31
split_gain=23.4624 20.1532 9.70045 11.895 11.8015 18.323 7.08053 18.6113 7.06519 8.84529 15.5359 7.22751 6.45164 5.90413 10.343 5.36392 4.9594 6.72282 4.68979 7.94902 6.37499 12.5228 12.4633 16.1634 12.2419 6.10412 6.6708 9.10798 5.25812 12.0792
threshold=0 1 3.5000000000000004 3.5000000000000004 80.500000000000014 5.5000000000000009 0.040003541857004173 2.5000000000000004 35.500000000000007 2.5000000000000004 1.5000000000000002 11.500000000000002 2 6.5000000000000009 6.5000000000000009 5.5000000000000009 5.5000000000000009 26.500000000000004 3 4 27.500000000000004 92.500000000000014 22.500000000000004 1.0000000180025095e-35 5.5000000000000009 5 3.5000000000000004 2.5000000000000004 1.5000000000000002 49.500000000000007
decision_type=9 1 2 2 2 2 2 2 2 2 2 2 1 2 2 2 2 2 1 9 2 2 2 2 2 9 2 2 2 2
left_child=1 2 -1 -4 6 -6 7 -5 9 10 11 -8 -2 -11 -15 -12 -10 -18 25 20 24 22 23 -22 -20 26 27 -3 -24 -30
right_child=12 18 3 4 5 -7 8 -9 16 13 15 -13 -14 14 -16 -17 17 -19 19 -21 21 -23 28 -25 -26 -27 -28 -29 29 -31
leaf_value=-3.6933268620568498 -3.7110079384212264 -3.7227708386069573 -3.758991603410661 -3.7008314039258567 -3.6588797846253422 -3.3997668418868705 -3.758991603410661 -3.4681906059866399 -3.758991603410661 -3.7279136342203074 -3.4197237730826364 -3.5974354937306492 -3.7351028778257347 -3.6789396434456214 -3.5147187655744832 -3.5739364232317383 -3.594829750026133 -3.758991603410661 -3.7148990334041305 -3.7205962981354443 -3.6301557184759679 -3.758991603410661 -3.7001590316774773 -3.3888812430528161 -3.5469492094556454 -3.7351885561516456 -3.5603958002918175 -3.5982857890447546 -3.7205839245056014 -3.5090047810636955
leaf_weight=21.320421740412712 54.578314639627934 6.9021180979907495 2.2352055050432709 1.7193888500332897 1.4983245693147176 1.2526975907385347 1.2526975907385378 1.719388850033283 2.7018967643380156 3.2177134193479997 1.1790094971656802 1.5474499650299547 82.039410844445229 4.3721602186560631 1.2281348928809164 1.0807587057352064 1.5228872671723368 1.0561960078775881 13.607734613120558 27.731285881251097 1.9404531307518464 2.2597682029008856 4.2493467293679714 1.0807587057352066 1.1790094971656788 27.755848579108715 1.0070706121623505 1.866765037178993 1.3018229864537718 1.4000737778842447
leaf_count=868 2222 281 91 70 61 51 51 70 110 131 48 63 3340 178 50 44 62 43 554 1129 79 92 173 44 48 1130 41 76 53 57
internal_value=-3.7122 -3.69815 -3.67498 -3.64842 -3.63867 -3.54089 -3.65057 -3.58451 -3.66243 -3.6437 -3.591 -3.66971 -3.72626 -3.67394 -3.64293 -3.49348 -3.71165 -3.66206 -3.71256 -3.70341 -3.68744 -3.65271 -3.62863 -3.54385 -3.70151 -3.72431 -3.69585 -3.69627 -3.66548 -3.61095
internal_weight=277.804 141.186 48.9043 27.5839 25.3487 2.75102 22.5977 3.43878 19.1589 13.8779 5.05992 2.80015 136.618 8.81801 5.6003 2.25977 5.28098 2.57908 92.2821 54.7503 27.019 12.2322 9.97246 3.02121 14.7867 37.5318 9.77595 8.76888 6.95124 2.7019
internal_count=11310 5748 1991 1123 1032 112 920 140 780 565 206 114 5562 359 228 92 215 105 3757 2229 1100 498 406 123 602 1528 398 357 283 110
cat_boundaries=0 2 4 6 8 10 12
cat_threshold=528698562 26 2773521409 11 1571242532 2 1208238762 16 478152768 24 25165954 8
is_linear=0
shrinkage=1


Tree=30
num_leaves=31
num_cat=3
split_feature=33 20 19 17 3 31 7 33 25 6 31 17 25 32 14 31 15 7 17 15 17 13 17 32 7 32 26 6 31 25
split_gain=7.20629 5.74826 18.252 7.80856 6.44388 8.94206 22.646 5.96437 9.5697 6.87478 13.3098 5.23713 5.02656 7.86493 7.84126 11.2064 11.6659 8.20929 7.55444 7.19499 7.12769 6.27245 6.03886 7.86565 5.82063 5.12696 8.05012 5.09704 4.94898 5.39727
threshold=0 4.5000000000000009 1.5000000000000002 13.500000000000002 1 4.5000000000000009 9.5000000000000018 2 3.5000000000000004 11.500000000000002 10.500000000000002 8.5000000000000018 3.5000000000000004 2.8841837644577031 2.5000000000000004 82.500000000000014 2.5000000000000004 6.5000000000000009 11.500000000000002 2.5000000000000004 14.500000000000002 1.5000000000000002 12.500000000000002 3.2219280004501347 11.500000000000002 3.0219280719757085 7.5000000000000009 7.5000000000000009 145.50000000000003 4.5000000000000009
decision_type=1 2 2 2 1 2 2 1 2 2 2 2 2 2 2 2 2 2 2 2 2 2 2 2 2 2 2 2 2 2
left_child=28 4 3 -3 5 6 -2 8 -4 10 -10 -9 13 -7 15 17 -17 21 -16 25 -20 22 -15 -24 -18 -14 -27 -19 29 -1
right_child=1 2 7 -5 -6 12 -8 11 9 -11 -12 -13 19 14 18 16 24 27 20 -21 -22 -23 23 -25 -26 26 -28 -29 -30 -31
leaf_value=-3.6548241539733133 -3.6158712624049429 -3.58679742276682 -3.6398023610110379 -3.3962872630328045 -3.627542366432797 -3.67860954793984 -3.3512793625403781 -3.5694994861400193 -3.599082143740675 -3.6074358626691585 -3.3858308821103216 -3.655618282835436 -3.5260029074495502 -3.6585866908542344 -3.4641875594028506 -3.4041295487246663 -3.6477546534144807 -3.5472968572854047 -3.6188587998113668 -3.6655390717867364 -3.4903946913351493 -3.4903946913351493 -3.4490792350072907 -3.6358334441660465 -3.4993573035544205 -3.67860954793984 -3.5249647670380519 -3.6587451831266802 -3.5408913601803103 -3.6107287799840502
leaf_weight=48.348999097943306 2.3908845707774158 1.0891807489097112 18.037895817309622 1.0626153647899625 115.32033246383071 2.7096691802144077 1.222007669508457 1.8330115042626847 1.8861422725021824 6.3225614205002785 1.1954422853887079 47.844256799668074 1.9658384248614291 2.4971461072564223 2.0986653454601756 1.2751384377479542 1.6204884313046934 1.1423115171492089 3.3472383990883827 7.6508306264877319 1.5939230471849439 1.5939230471849439 1.0891807489097118 1.168876901268959 1.1157461330294607 2.4705807231366639 1.3017038218677042 10.068280581384895 1.0891807489097107 8.1024421565234643
leaf_count=1820 90 41 679 40 4341 102 46 69 71 238 45 1801 74 94 79 48 61 43 126 288 60 60 41 44 42 93 49 379 41 305
internal_value=-3.62935 -3.62543 -3.63635 -3.49272 -3.61995 -3.6066 -3.52638 -3.64036 -3.62119 -3.57759 -3.51636 -3.64845 -3.60815 -3.59719 -3.58948 -3.60444 -3.52903 -3.62166 -3.54366 -3.6338 -3.57742 -3.57623 -3.60501 -3.54575 -3.58724 -3.59147 -3.62559 -3.64739 -3.64382 -3.6485
internal_weight=300.454 242.914 79.2711 2.1518 163.643 48.3224 3.61289 77.1193 27.442 9.40415 3.08158 49.6773 44.7095 31.3206 28.6109 21.5711 4.01137 17.5597 7.03983 13.389 4.94116 6.34913 4.7552 2.25806 2.73623 5.73812 3.77228 11.2106 57.5406 56.4514
internal_count=11310 9144 2984 81 6160 1819 136 2903 1033 354 116 1870 1683 1179 1077 812 151 661 265 504 186 239 179 85 103 216 142 422 2166 2125
cat_boundaries=0 1 2 4
cat_threshold=436732416 2212 2214612996 8
is_linear=0
shrinkage=1


Tree=31
num_leaves=31
num_cat=4
split_feature=33 5 5 22 22 20 33 22 26 25 18 15 13 18 9 16 22 24 26 25 21 21 22 28 20 18 22 21 10 24
split_gain=17.245 14.6077 13.2704 12.4707 10.4916 9.5636 8.28911 13.3233 6.83517 9.01483 8.3352 12.0561 6.10849 20.3743 10.8436 7.37231 6.80333 9.6924 8.32484 8.04916 7.46079 8.52496 6.72969 6.0499 5.90898 5.24165 10.4885 15.0052 7.07119 5.24143
threshold=0 1 2 24.500000000000004 19.500000000000004 6.5000000000000009 3 19.500000000000004 5.5000000000000009 1.5000000000000002 21.500000000000004 2.5000000000000004 2.5000000000000004 26.500000000000004 1.0000000180025095e-35 5.5000000000000009 18.500000000000004 1.5000000000000002 4.5000000000000009 2.5000000000000004 8.5000000000000018 6.5000000000000009 13.500000000000002 3.5000000000000004 2.5000000000000004 24.500000000000004 14.500000000000002 7.5000000000000009 1.0000000180025095e-35 2.5000000000000004
decision_type=1 9 9 2 2 2 1 2 2 2 2 2 2 2 2 2 2 2 2 2 2 2 2 2 2 2 2 2 2 2
left_child=1 4 3 6 12 -6 7 8 9 -2 11 -11 14 15 16 -14 17 20 19 -19 21 -1 24 25 -16 -12 -27 -28 -29 -3
right_child=2 29 -4 -5 5 -7 -8 -9 -10 10 23 -13 13 -15 22 -17 -18 18 -20 -21 -22 -23 -24 -25 -26 26 27 28 -30 -31
leaf_value=-3.6669990412222697 -3.6548277759378092 -3.6655042355357939 -3.6685980309407 -3.4795892178081282 -3.6688156479811447 -3.5104053232331696 -3.6573275135265404 -3.6896346260500783 -3.6466837675489421 -3.5947321535957837 -3.6488962099447488 -3.3844518114044284 -3.697427204433422 -3.3837405036929988 -3.4745232181191681 -3.5270294904509698 -3.481430102202145 -3.557160793533233 -3.5802787760704864 -3.3619567050304697 -3.697427204433422 -3.5110547047651153 -3.6507854944017288 -3.484430061955357 -3.627719048713328 -3.6594673176551531 -3.3701389123329806 -3.5270294904509698 -3.6649361149028699 -3.6172495728542264
leaf_weight=1.6432145666331071 4.6948987618088784 31.325407849624753 123.52800297737122 1.1476419195532788 8.7377282511442882 1.0693936068564642 54.825984429568052 6.4163616411387911 8.8681421056389791 1.4606351703405374 4.1210778020322305 1.2780557740479705 1.3823868576437233 1.4345523994415996 1.1215591486543428 1.1737246904522178 1.8518767338246114 1.0693936068564656 4.6948987618088722 1.0433108359575269 2.4517804645001888 1.8779595047235489 10.72001883946359 1.1737246904522169 1.4345523994415996 2.6343598607927561 1.0693936068564651 2.3474493809044361 1.5388834830373528 6.8597687464207402
leaf_count=63 180 1201 4736 44 335 41 2102 246 340 56 158 49 53 55 43 45 71 41 180 40 94 72 411 45 55 101 41 90 59 263
internal_value=-3.65116 -3.63235 -3.65834 -3.64378 -3.61427 -3.65154 -3.64545 -3.62946 -3.61006 -3.59407 -3.57582 -3.4966 -3.59241 -3.53455 -3.60068 -3.61918 -3.571 -3.58397 -3.54319 -3.46076 -3.63046 -3.58383 -3.6334 -3.59265 -3.5605 -3.6035 -3.57885 -3.536 -3.58164 -3.65489
internal_weight=294.996 79.8915 215.105 91.5766 41.7064 9.80712 90.429 35.603 29.1866 20.3185 15.6236 2.73869 31.8992 3.99066 27.9086 2.55611 14.6324 12.7806 6.8076 2.1127 5.97295 3.52117 13.2761 12.8849 2.55611 11.7112 7.59009 4.95573 3.88633 38.1852
internal_count=11310 3063 8247 3511 1599 376 3467 1365 1119 779 599 105 1223 153 1070 98 561 490 261 81 229 135 509 494 98 449 291 190 149 1464
cat_boundaries=0 2 4 6 7
cat_threshold=2517633025 8 174674878 9 2936063682 27 4211218
is_linear=0
shrinkage=1


Tree=32
num_leaves=31
num_cat=4
split_feature=0 5 5 13 16 14 6 26 17 10 16 17 26 21 20 17 15 34 28 22 17 14 34 0 17 16 21 20 15 17
split_gain=35.2856 18.48 17.7628 15.7391 14.8766 11.6209 24.5149 10.4051 12.845 11.4341 14.5402 9.60406 9.5165 8.89381 11.2884 8.50192 9.92801 19.5493 10.5429 9.76445 15.5148 8.08536 11.4287 6.66743 8.75013 19.3378 11.7335 19.8848 12.9344 6.59973
threshold=0 1 2 2.5000000000000004 8.5000000000000018 3.5000000000000004 22.500000000000004 3.5000000000000004 16.500000000000004 1.0000000180025095e-35 3.5000000000000004 17.500000000000004 5.5000000000000009 9.5000000000000018 2.5000000000000004 14.500000000000002 3.5000000000000004 0.044525472447276122 2.5000000000000004 20.500000000000004 11.500000000000002 2.5000000000000004 0.048550179228186614 3 13.500000000000002 5.5000000000000009 7.5000000000000009 3.5000000000000004 3.5000000000000004 12.500000000000002
decision_type=1 9 9 2 2 2 2 2 2 2 2 2 2 2 2 2 2 2 2 2 2 2 2 1 2 2 2 2 2 2
left_child=1 7 23 4 -3 -5 -7 9 15 10 -1 -4 -13 14 -12 16 19 -18 -19 21 -21 22 -9 -2 25 -25 -27 -28 -29 -16
right_child=2 3 11 5 -6 6 -8 8 -10 -11 13 12 -14 -15 29 -17 17 18 -20 20 -22 -23 -24 24 -26 26 27 28 -30 -31
leaf_value=-3.3888299657943772 -3.6695056971019757 -3.6620848695917805 -3.6837149060946657 -3.6494301316778932 -3.4755651379494497 -3.6257544281453868 -3.4005005106976229 -3.6407109319924071 -3.4847666083867703 -3.6335008245601781 -3.636590870602562 -3.6578905706889526 -3.4755651379494501 -3.6511706653095843 -3.3766982747399403 -3.6840118565155695 -3.4083236232151832 -3.7056018988824673 -3.5161598604670412 -3.3981891365447074 -3.6411916058212226 -3.6831331920006378 -3.5048425438863795 -3.6430169987419863 -3.6614180088252111 -3.6432693572102948 -3.347766937431107 -3.6425918295834232 -3.4673720478340275 -3.5252530783109814
leaf_weight=1.578422624617813 16.301741860806942 65.491601031273603 111.93862744420767 4.4506342858076078 1.0867827907204617 3.1309694685041904 1.9665593355894087 6.9347092360258227 1.8113046512007702 3.4673546180129042 1.4490437209606168 2.0959382392466064 1.0867827907204626 1.8371804319322107 1.216161694377661 4.6317647509276858 1.6819257475435723 1.656049966812134 1.3196648173034189 1.1385343521833413 1.5525468438863752 6.6759514287114134 1.9924351163208482 19.17395352199674 16.974512159824371 2.4064476080238801 1.3972921594977377 2.3805718272924423 1.8889319933950899 1.9406835548579691
leaf_count=61 630 2531 4326 172 42 121 76 268 70 134 56 81 42 71 47 179 65 64 51 44 60 258 77 741 656 93 54 92 73 75
internal_value=-3.65418 -3.63396 -3.66817 -3.65104 -3.65904 -3.5904 -3.53885 -3.60932 -3.61375 -3.55763 -3.52484 -3.67923 -3.59563 -3.55816 -3.52106 -3.62222 -3.60975 -3.54458 -3.62159 -3.62634 -3.53838 -3.64151 -3.61039 -3.64676 -3.63737 -3.61568 -3.55077 -3.51149 -3.56507 -3.46802
internal_weight=292.655 117.01 175.645 76.1265 66.5784 9.54816 5.09753 40.8837 29.3949 11.4888 8.02149 115.121 3.18272 6.44307 4.60589 27.5836 22.9518 4.65764 2.97571 18.2942 2.69108 15.6031 8.92714 60.5235 44.2217 27.2472 8.07324 5.6668 4.2695 3.15685
internal_count=11310 4522 6788 2942 2573 369 197 1580 1136 444 310 4449 123 249 178 1066 887 180 115 707 104 603 345 2339 1709 1053 312 219 165 122
cat_boundaries=0 2 4 6 8
cat_threshold=81363371 17 1170452492 21 77633346 28 156164 4
is_linear=0
shrinkage=1


Tree=33
num_leaves=31
num_cat=4
split_feature=0 18 21 0 18 9 32 19 0 18 19 25 25 31 22 22 21 18 31 6 0 13 31 32 21 18 7 19 31 7
split_gain=25.9859 9.34884 6.25363 6.41064 12.6084 8.95283 13.1154 6.18895 8.57932 6.82604 15.0805 13.2088 8.37005 17.9088 12.8739 7.50878 6.63163 6.42332 6.24387 10.6965 8.65895 9.96103 7.20905 8.15063 7.89191 6.29472 6.11104 5.68938 5.47958 7.83027
threshold=0 1.5000000000000002 9.5000000000000018 1 26.500000000000004 1.0000000180025095e-35 3.0219280719757085 2.5000000000000004 2 27.500000000000004 1.5000000000000002 3.5000000000000004 2.5000000000000004 24.500000000000004 16.500000000000004 19.500000000000004 13.500000000000002 18.500000000000004 90.500000000000014 26.500000000000004 3 3.5000000000000004 70.500000000000014 3.0219280719757085 7.5000000000000009 23.500000000000004 9.5000000000000018 2.5000000000000004 10.500000000000002 5.5000000000000009
decision_type=1 2 2 1 2 2 2 2 1 2 2 2 2 2 2 2 2 2 2 2 1 2 2 2 2 2 2 2 2 2
left_child=1 -1 26 4 -4 27 -7 8 9 12 -11 -12 13 14 -3 -15 18 -10 20 25 -9 22 23 24 -22 -20 -2 -6 29 -14
right_child=2 7 3 -5 5 6 -8 16 17 10 11 -13 28 15 -16 -17 -18 -19 19 -21 21 -23 -24 -25 -26 -27 -28 -29 -30 -31
leaf_value=-3.4443808429713862 -3.5997043290604012 -3.303950346004763 -3.5701651368039236 -3.5806820788408773 -3.6166615557448729 -3.360183502142239 -3.5253197934496519 -3.5740425636933431 -3.4863652183531602 -3.5965248490570629 -3.4965239158447177 -3.3084823925227358 -3.46585047587021 -3.5652983618745164 -3.5144290448682982 -3.4429331058892561 -3.6166615557448729 -3.5796371292869607 -3.4625719741338044 -3.3803908639412343 -3.4494888964498456 -3.3855271833282696 -3.6166615557448729 -3.5022585078591826 -3.5733091352304438 -3.6166615557448729 -3.575287274577664 -3.4969297862497859 -3.5868517021060962 -3.577572654527359
leaf_weight=2.0315681397914878 53.074717652052641 1.4390274323523038 19.356329776346687 33.097630944103003 1.8904870189726337 2.1444330364465714 2.7369737438857555 18.171248361468315 1.9187032431364048 2.4830277264118186 3.3295144513249397 1.2979463115334509 2.6523250713944462 9.7345973365008813 1.4672436565160749 1.4390274323523033 2.6805412955582133 48.616554234176874 1.2979463115334504 1.6929734498262403 1.4954598806798483 1.29794631153345 2.0880005881190291 20.541411191225052 9.2267053015530092 1.3543787598609922 49.547689631581306 2.08800058811903 15.09567992761731 3.8374064862728119
leaf_count=72 1881 51 686 1173 67 76 97 644 68 88 118 46 94 345 52 51 95 1723 46 60 53 46 74 728 327 48 1756 74 535 136
internal_value=-3.56605 -3.55188 -3.57958 -3.56773 -3.55254 -3.49815 -3.45277 -3.55235 -3.5604 -3.54654 -3.49712 -3.44378 -3.55077 -3.52078 -3.41021 -3.54954 -3.5398 -3.57453 -3.53619 -3.47858 -3.54093 -3.53154 -3.52671 -3.5207 -3.55604 -3.54126 -3.58792 -3.55382 -3.57033 -3.53191
internal_weight=319.125 155.189 163.936 61.3139 28.2162 8.85989 4.88141 153.158 93.3111 42.7758 7.11049 4.62746 35.6653 14.0799 2.90627 11.1736 59.8466 50.5353 57.1661 4.3453 52.8208 34.6495 33.3516 31.2636 10.7222 2.65233 102.622 3.97849 21.5854 6.48973
internal_count=11310 5500 5810 2173 1000 314 173 5428 3307 1516 252 164 1264 499 103 396 2121 1791 2026 154 1872 1228 1182 1108 380 94 3637 141 765 230
cat_boundaries=0 2 3 5 7
cat_threshold=745102225 11 327451720 545169 8 537415808 8
is_linear=0
shrinkage=1


Tree=34
num_leaves=31
num_cat=3
split_feature=0 5 5 20 22 26 7 34 14 26 31 22 26 30 18 22 6 34 22 25 17 31 16 31 20 26 34 28 14 34
split_gain=28.1438 23.1271 19.1073 10.0315 15.1471 10.6841 18.4464 8.98801 13.7965 8.79874 23.8387 18.4663 12.7147 22.6928 11.6266 11.5579 7.72343 13.168 21.3215 8.76594 7.49524 7.08009 6.79195 6.62018 12.0061 6.47858 7.17607 5.70241 8.16876 5.55367
threshold=0 1 2 1.5000000000000002 2.5000000000000004 3.5000000000000004 3.5000000000000004 0.057755883783102042 2.5000000000000004 4.5000000000000009 25.500000000000004 18.500000000000004 3.5000000000000004 1.5000000000000002 20.500000000000004 22.500000000000004 11.500000000000002 0.04499443247914315 18.500000000000004 2.5000000000000004 10.500000000000002 25.500000000000004 5.5000000000000009 92.500000000000014 3.5000000000000004 8.5000000000000018 0.048550179228186614 4.5000000000000009 2.5000000000000004 0.04975427873432637
decision_type=1 9 9 2 2 2 2 2 2 2 2 2 2 2 2 2 2 2 2 2 2 2 2 2 2 2 2 2 2 2
left_child=2 3 7 4 -2 6 -5 9 -9 10 11 12 -1 -14 -12 -11 -8 18 -18 -19 -7 -6 -13 -16 -25 29 -27 -3 -29 -22
right_child=1 27 -4 5 21 20 16 8 -10 15 14 22 13 -15 23 -17 17 19 -20 -21 25 -23 -24 24 -26 26 -28 28 -30 -31
leaf_value=-3.4432625355666673 -3.5992953607230462 -3.5725044418146292 -3.5545424042657077 -3.3669798210457706 -3.4748406073245057 -3.5933689438945446 -3.5992953607230462 -3.3755051619513585 -3.5464963744327567 -3.5358687412180085 -3.3859443548969765 -3.5992953607230462 -3.1241044841104371 -3.4293083804713813 -3.5554928497503755 -3.3902113750134979 -3.2726016330518775 -3.5614178270800125 -3.5587752084537541 -3.4250587059650894 -3.558122359598717 -3.3089009361264519 -3.4333556895249924 -3.3503858539259652 -3.5644480297714551 -3.3902113750134983 -3.5567986156601301 -3.4333556895249924 -3.5766672237414934 -3.51188566770066
leaf_weight=1.9226723480969692 1.2339538950473063 156.7695378754288 43.647531962022185 2.1522451657801858 1.2052572928369047 8.4368010498583299 2.754873812198638 3.1279296409338704 1.893975745886564 26.802626464515928 1.4061335083097208 1.2626504972577097 1.2626504972577097 1.1765606906265018 10.273383591324089 1.4348301105201233 1.3774369060993188 6.6002185083925706 1.2339538950473068 1.4348301105201242 26.716536657884717 1.3774369060993192 1.2052572928369043 1.2052572928369039 1.4348301105201242 1.4348301105201238 1.1765606906265018 1.8078859392553557 2.2096383702009916 8.5802840609103423
leaf_count=67 43 5463 1521 75 42 294 96 109 66 934 49 44 44 41 358 50 48 230 43 50 931 48 42 42 50 50 41 63 77 299
internal_value=-3.55015 -3.55976 -3.52895 -3.53589 -3.45519 -3.53871 -3.50285 -3.51078 -3.43999 -3.5102 -3.48582 -3.40895 -3.34711 -3.27132 -3.52248 -3.52847 -3.52468 -3.50537 -3.40783 -3.53707 -3.55075 -3.38634 -3.51826 -3.53734 -3.46672 -3.54126 -3.46527 -3.56972 -3.51218 -3.54688
internal_weight=324.559 226.502 98.0563 65.7152 3.81665 61.8986 15.5536 54.4088 5.02191 49.3869 21.1494 6.82979 4.36188 2.43921 14.3196 28.2375 13.4013 10.6464 2.61139 8.03505 46.345 2.58269 2.46791 12.9135 2.64009 37.9082 2.61139 160.787 4.01752 35.2968
internal_count=11310 7893 3417 2290 133 2157 542 1896 175 1721 737 238 152 85 499 984 467 371 91 280 1615 90 86 450 92 1321 91 5603 140 1230
cat_boundaries=0 2 4 6
cat_threshold=1348999696 5 163775525 16 1483241242 11
is_linear=0
shrinkage=1


Tree=35
num_leaves=31
num_cat=9
split_feature=0 31 5 34 15 5 0 18 21 26 31 0 5 5 31 1 16 34 7 7 31 14 21 7 4 18 7 31 16 31
split_gain=25.3093 15.2944 18.8275 14.5046 29.0713 12.2074 11.2456 13.538 14.6424 21.2165 12.0923 6.92777 7.35844 6.85644 7.74232 8.34546 11.9681 6.32417 10.7914 5.79647 5.56446 6.40384 8.5572 14.1411 26.6463 8.17849 7.14635 8.9848 7.35971 6.84441
threshold=0 10.500000000000002 1 0.053903708234429366 3.5000000000000004 2 3 28.500000000000004 10.500000000000002 4.5000000000000009 12.500000000000002 4 5 6 2.5000000000000004 7 6.5000000000000009 0.04247641563415528 10.500000000000002 10.500000000000002 11.500000000000002 2.5000000000000004 10.500000000000002 10.500000000000002 8 29.500000000000004 12.500000000000002 22.500000000000004 5.5000000000000009 76.500000000000014
decision_type=1 2 9 2 2 9 1 2 2 2 2 1 9 9 2 1 2 2 2 2 2 2 2 2 1 2 2 2 2 2
left_child=1 13 -3 20 19 6 -2 8 17 -10 -11 12 -7 14 -1 16 -16 18 -8 -5 -4 22 25 24 -24 29 -23 28 -28 -22
right_child=5 2 3 4 -6 11 7 -9 9 10 -12 -13 -14 -15 15 -17 -18 -19 -20 -21 21 26 23 -25 -26 -27 27 -29 -30 -31
leaf_value=-3.4752804014356524 -3.6224625734791527 -3.6194193766256459 -3.4592056167209835 -3.6252611758017661 -3.2668212251890365 -3.6271237694582457 -3.6171497223476763 -3.6495769956989963 -3.3520403852898544 -3.46207611399146 -3.6601404256543502 -3.6359770843203258 -3.5979721709633443 -3.6356205728698381 -3.6114930508599561 -3.6469361382101577 -3.4136603933627536 -3.588921320846477 -3.4112903930522576 -3.482390402367141 -3.5908525605049135 -3.6238933620820566 -3.2400040069754921 -3.5768701444747566 -3.5463804107505363 -3.4729404011290868 -3.4064109806482947 -3.631700421928397 -3.5761131419185785 -3.5313445071413234
leaf_weight=1.6228495538234691 25.830355398356915 23.152653634548187 1.2441846579313267 1.4335171058773988 1.2712321504950521 33.917555674910545 1.1630421802401643 4.7333111986517897 1.9474194645881642 1.5146595835685732 1.5687545686960218 87.255211010575294 33.430700808763504 14.470408521592619 2.0556094348430638 3.7866489589214325 1.2171371653676031 16.147353060543537 1.4064696133136747 1.4064696133136747 18.04067754000426 8.2765327244997007 1.1900896728038779 3.0022716745734215 1.7580870166420937 2.136751912534236 1.3794221207499497 1.7580870166420934 1.1900896728038786 6.5995881855487815
leaf_count=60 955 856 46 53 47 1254 43 175 72 56 58 3226 1236 535 76 140 45 597 52 52 667 306 44 111 65 79 51 65 44 244
internal_value=-3.60996 -3.59004 -3.57685 -3.56457 -3.46555 -3.61971 -3.60028 -3.58218 -3.55697 -3.48124 -3.56285 -3.62673 -3.61295 -3.62343 -3.59323 -3.5964 -3.53792 -3.57733 -3.50447 -3.55451 -3.56352 -3.56639 -3.55472 -3.50049 -3.42271 -3.56678 -3.59667 -3.5446 -3.48501 -3.57491
internal_weight=305.907 96.9923 73.8397 50.687 4.11122 208.915 54.3114 28.481 23.7477 5.03083 3.08341 154.603 67.3483 23.1527 8.68225 7.0594 3.27275 18.7169 2.56951 2.83999 46.5758 45.3316 32.7275 5.95045 2.94818 26.777 12.6041 4.3276 2.56951 24.6403
internal_count=11310 3586 2730 1874 152 7724 2008 1053 878 186 114 5716 2490 856 321 261 121 692 95 105 1722 1676 1210 220 109 990 466 160 95 911
cat_boundaries=0 2 4 5 7 9 11 13 14 15
cat_threshold=2585559240 16 2198537233 7 2768356930 1145116434 9 1610700306 12 1117921592 3 2986546497 8 2 1
is_linear=0
shrinkage=1


Tree=36
num_leaves=31
num_cat=5
split_feature=33 25 31 16 27 28 7 10 32 19 21 4 18 21 31 19 6 34 4 34 30 16 33 30 34 31 10 6 3 18
split_gain=16.4527 8.9859 9.77781 8.37106 7.40646 11.2483 19.3399 24.4835 11.4664 11.0828 22.9547 12.4916 18.883 11.0823 9.64731 8.45936 20.5192 10.2132 21.6759 7.07989 8.12067 6.91212 6.76558 10.4781 13.2775 8.10313 13.1474 6.0802 5.54151 6.01666
threshold=0 4.5000000000000009 58.500000000000007 1.5000000000000002 1.5000000000000002 2.5000000000000004 15.500000000000002 1.0000000180025095e-35 2.7841837406158452 2.5000000000000004 10.500000000000002 1 25.500000000000004 12.500000000000002 10.500000000000002 3.5000000000000004 11.500000000000002 0.051103988662362106 2 0.047742867842316634 1.5000000000000002 6.5000000000000009 3 2.5000000000000004 0.046256404370069511 3.5000000000000004 1.0000000180025095e-35 35.500000000000007 4 27.500000000000004
decision_type=1 2 2 2 2 2 2 2 2 2 2 1 2 2 2 2 2 2 1 2 2 2 1 2 2 2 2 2 1 2
left_child=-1 2 4 -4 14 6 8 -8 -6 10 11 12 -10 22 -2 17 -17 28 21 20 -18 -19 23 25 -25 26 -7 -5 -16 -30
right_child=1 -3 3 27 5 13 7 -9 9 -11 -12 -13 -14 -15 15 16 19 18 -20 -21 -22 -23 -24 24 -26 -27 -28 -29 29 -31
leaf_value=-3.6798038179653965 -3.6936285243986378 -3.6827255772999723 -3.5615947468692788 -3.6821647223896878 -3.4724628286821613 -3.4307797152987884 -3.3614883060381189 -3.6689689346323404 -3.4186683990614894 -3.6771491704478363 -3.4335413294359891 -3.6627267344015304 -3.6783096883316957 -3.5318491948538364 -3.6464366109877711 -3.4161219171859547 -3.6741469611395918 -3.6701031690101193 -3.4526673732916011 -3.7166067784990511 -3.4840887310543933 -3.5482316406942989 -3.6775217899364967 -3.6304383256225012 -3.4217914428711076 -3.6671599025867692 -3.6741469611395918 -3.5770959500322563 -3.6912710855935247 -3.6352254618934206
leaf_weight=94.590710587799549 13.055822029709814 25.087658017873764 1.6127780154347409 34.841125063598156 1.2287832498550475 1.0495856925845137 1.6895769685506812 1.0495856925845146 1.5103794112801554 7.6030963584780684 1.7663759216666211 7.4238988012075442 1.3055822029709814 1.8943741768598545 19.916528508067135 1.3311818540096272 1.1775839477777483 5.3759267181158066 1.8943741768598537 1.7919755727052686 1.0751853436231611 1.4847797602415083 18.124552935361866 1.7407762706279748 1.3567815050482748 8.0894897282123548 1.1775839477777481 1.433580458164214 21.7085040807724 6.1439162492752066
leaf_count=3695 510 980 63 1361 48 41 66 41 59 297 69 290 51 74 778 52 46 210 74 70 42 58 708 68 53 316 46 56 848 240
internal_value=-3.66342 -3.65537 -3.65067 -3.67306 -3.64424 -3.63066 -3.60421 -3.47931 -3.62063 -3.62991 -3.6 -3.62871 -3.53905 -3.64931 -3.65457 -3.64633 -3.5864 -3.65203 -3.60239 -3.64244 -3.58344 -3.64373 -3.65636 -3.63976 -3.53905 -3.64391 -3.55946 -3.67801 -3.66113 -3.67568
internal_weight=289.532 194.941 169.854 37.8875 131.966 57.0104 23.5773 2.73916 20.8381 19.6093 12.0062 10.2399 2.81596 33.4331 74.9558 61.9 5.37593 56.524 8.75508 4.04474 2.25277 6.86071 31.5388 13.4142 3.09756 10.3167 2.22717 36.2747 47.7689 27.8524
internal_count=11310 7615 6635 1480 5155 2227 921 107 814 766 469 400 110 1306 2928 2418 210 2208 342 158 88 268 1232 524 121 403 87 1417 1866 1088
cat_boundaries=0 2 3 4 6 7
cat_threshold=2419656721 2 4 2 16390 4 1417
is_linear=0
shrinkage=1


end of trees

feature_importances:
gap_last=113
wheel_dist=98
c50_col=74
hot50=63
last_num=61
c50_doz=60
c25_doz=55
markov_conf=52
c25_col=45
c10_col=39
wheel_pos=38
c10_doz=36
c25_zone=36
c50_zone=35
c5_col=30
c5_doz=30
ent10=29
c50_num=25
nn5=25
nn10=24
col_streak=21
markov_pred=19
same_dozen=17
last_sector=15
c10_zone=15
same_color=14
last_color=11
c25_num=11
c5_zone=11
c10_num=4
last_zone=2
c5_num=2

parameters:
[boosting: gbdt]
[objective: multiclass]
[metric: multi_logloss]
[tree_learner: serial]
[device_type: cpu]
[data_sample_strategy: bagging]
[data: ]
[valid: ]
[num_iterations: 600]
[learning_rate: 0.05]
[num_leaves: 31]
[num_threads: 8]
[seed: 0]
[deterministic: 0]
[force_col_wise: 0]
[force_row_wise: 0]
[histogram_pool_size: -1]
[max_depth: -1]
[min_data_in_leaf: 40]
[min_sum_hessian_in_leaf: 0.001]
[bagging_fraction: 0.8]
[pos_bagging_fraction: 1]
[neg_bagging_fraction: 1]
[bagging_freq: 1]
[bagging_seed: 3]
[bagging_by_query: 0]
[feature_fraction: 0.8]
[feature_fraction_bynode: 1]
[feature_fraction_seed: 2]
[extra_trees: 0]
[extra_seed: 6]
[early_stopping_round: 0]
[early_stopping_min_delta: 0]
[first_metric_only: 0]
[max_delta_step: 0]
[lambda_l1: 0]
[lambda_l2: 0]
[linear_lambda: 0]
[min_gain_to_split: 0]
[drop_rate: 0.1]
[max_drop: 50]
[skip_drop: 0.5]
[xgboost_dart_mode: 0]
[uniform_drop: 0]
[drop_seed: 4]
[top_rate: 0.2]
[other_rate: 0.1]
[min_data_per_group: 100]
[max_cat_threshold: 32]
[cat_l2: 10]
[cat_smooth: 10]
[max_cat_to_onehot: 4]
[top_k: 20]
[monotone_constraints: ]
[monotone_constraints_method: basic]
[monotone_penalty: 0]
[feature_contri: ]
[forcedsplits_filename: ]
[refit_decay_rate: 0.9]
[cegb_tradeoff: 1]
[cegb_penalty_split: 0]
[cegb_penalty_feature_lazy: ]
[cegb_penalty_feature_coupled: ]
[path_smooth: 0]
[interaction_constraints: ]
[verbosity: -1]
[saved_feature_importance_type: 0]
[use_quantized_grad: 0]
[num_grad_quant_bins: 4]
[quant_train_renew_leaf: 0]
[stochastic_rounding: 1]
[linear_tree: 0]
[max_bin: 255]
[max_bin_by_feature: ]
[min_data_in_bin: 3]
[bin_construct_sample_cnt: 200000]
[data_random_seed: 1]
[is_enable_sparse: 1]
[enable_bundle: 1]
[use_missing: 1]
[zero_as_missing: 0]
[feature_pre_filter: 1]
[pre_partition: 0]
[two_round: 0]
[header: 0]
[label_column: ]
[weight_column: ]
[group_column: ]
[ignore_column: ]
[categorical_feature: 0,1,2,3,4,5,33]
[forcedbins_filename: ]
[precise_float_parser: 0]
[parser_config_file: ]
[objective_seed: 5]
[num_class: 37]
[is_unbalance: 0]
[scale_pos_weight: 1]
[sigmoid: 1]
[boost_from_average: 1]
[reg_sqrt: 0]
[alpha: 0.9]
[fair_c: 1]
[poisson_max_delta_step: 0.7]
[tweedie_variance_power: 1.5]
[lambdarank_truncation_level: 30]
[lambdarank_norm: 1]
[label_gain: ]
[lambdarank_position_bias_regularization: 0]
[eval_at: ]
[multi_error_top_k: 1]
[auc_mu_weights: ]
[num_machines: 1]
[local_listen_port: 12400]
[time_out: 120]
[machine_list_filename: ]
[machines: ]
[gpu_platform_id: -1]
[gpu_device_id: -1]
[gpu_device_id_list: ]
[gpu_use_dp: 0]
[num_gpu: 1]

end of parameters

pandas_categorical:[]
